ita,,srd,,,,,
bilancio,n,bilantzu,,bauladu,,,
comma,n,comma,,bauladu,,,
comunale,adj,comunale,,bauladu,,,
anno,n,annu,,bauladu,,,
deliberazione,n,deliberatzione,,bauladu,,,
legge,n,lege,,bauladu,,,
consiglio,n,cussìgiu,,bauladu,,,
articolo,n,artìculu,,bauladu,,,
previsione,n,previsione,,bauladu,,,
presente,nadj,presente,,bauladu,,,
programma,n,programma,,bauladu,,,
atto,n,àutu,,bauladu,,,
amministrazione,n,amministratzione,,bauladu,,,
data,n,data,,bauladu,,,
decreto,n,decretu,,bauladu,,,
riferimento,n,riferimentu,,bauladu,,,
servizio,n,servìtziu,,bauladu,,,
stato,n,istadu,,bauladu,,,
approvazione,n,aprovatzione,,bauladu,,,
gestione,n,gestione,,bauladu,,,
spesa,n,ispesa,,bauladu,,,
esercizio,n,esertzìtziu,,bauladu,,,
imposta,nadj,imposta,,bauladu,,,
servizio,n,servìtziu,,bauladu,,,
finanziario,adj,finantziàriu,,bauladu,,,
fabbricato,n,fràigu,,bauladu,,,
dicembre,n,nadale,,bauladu,,,
costo,n,costu,,bauladu,,,
oggetto,n,ogetu,,bauladu,,,
fondo,n,fundu,,bauladu,,,
comune,nadj,comunu,,bauladu,,,
titolo,n,tìtulu,,bauladu,,,
immondizia,n,àliga,,bauladu,,,
legislativo,n,legislativu,,bauladu,,,
totale,nadj,totale,,bauladu,,,
giunta,n,giunta,,bauladu,,,
pubblico,nadj,pùblicu,,bauladu,,,
società,n,sotziedade,,bauladu,,,
allegato,nadj,allegadu,,bauladu,,,
cambiamento,n,cambiamento,,bauladu,,,
lavoro,n,faina,,bauladu,,,
prossimo,adj,imbeniente,,bauladu,,,
aliquota,n,alìcuota,,bauladu,,,
approvato,adj,aprovadu,,bauladu,,,
competenza,n,cumpetèntzia,,bauladu,,,
ente,n,ente,,bauladu,,,
piano,nadj,pranu,,bauladu,,,
termine,n,tèrmine,,bauladu,,,
conto,n,contu,,bauladu,,,
maniera,n,manera,,bauladu,,,
regolamento,n,regulamentu,,bauladu,,,
tariffa,n,tarifa,,bauladu,,,
intervento,n,intervento,,bauladu,,,
lavoro,n,traballu,,bauladu,,,
comune,nadj,comunu,,bauladu,,,
domestico,adj,domèsticu,,bauladu,,,
locale,nadj,locale,,bauladu,,,
parte,n,parte,,bauladu,,,
relativo,adj,relativu,,bauladu,,,
bene,n,bene,,bauladu,,,
copertura,n,cobertura,,bauladu,,,
risultato,n,resurtadu,,bauladu,,,
elenco,n,elencu,,bauladu,,,
ente,n,ente,,bauladu,,,
utilizzo,n,impreu,,bauladu,,,
integrazione,n,integratzione,,bauladu,,,
pretzedente,nadj,pretzedente,,bauladu,,,
responsabile,nadj,responsàbile,,bauladu,,,
tipologia,n,tipologia,,bauladu,,,
disposizione,n,disponimentu,m,bauladu,,,
IMU,acr,IMU,,bauladu,,,
uso,n,impitu,,bauladu,,,
ministero,n,ministeru,,bauladu,,,
finanza,n,finàntzia,,bauladu,,,
importo,n,importu,,bauladu,,,
missione,n,missione,,bauladu,,,
previsione,n,previsione,,bauladu,,,
previsto,adj,prevìdidu,,bauladu,,,
principale,nadj,printzipale,,bauladu,,,
triennale,adj,triennale,,bauladu,,,
partecipazione,n,partetzipatzione,,bauladu,,,
provvedimento,n,provedimentu,,bauladu,,,
quota,n,cuota,,bauladu,,,
relativa,n,relativa,,bauladu,,,
variazione,n,variatzione,,bauladu,,,
area,n,àrea,,bauladu,,,
giorno,n,die,,bauladu,,,
razionalizzazione,n,ratzionalizatzione,,bauladu,,,
società,n,sotziedade,,bauladu,,,
tributo,n,tributu,,bauladu,,,
vincolo,n,vìnculu,,bauladu,,,
acquisto,n,achistu,,bauladu,,,
considerato,n,cunsideradu,,bauladu,,,
convertito,n,cunvertidu,,bauladu,,,
corrente,n,currente,f,bauladu,,,
destinazione,n,destinatzione,,bauladu,,,
economia,n,economia,,bauladu,,,
favore,n,favore,,bauladu,,,
norma,n,norma,,bauladu,,,
prevedere,vblex,prevìdere,,bauladu,,,
TASI,acr,TASI,,bauladu,,,
applicazione,n,aplicatzione,,bauladu,,,
capitale,nadj,capitale,,bauladu,,,
conto,n,conto,,bauladu,,,
detrazione,n,detratzione,,bauladu,,,
finanziaria,n,finantziària,,bauladu,,,
municipale,nadj,munitzipale,,bauladu,,,
realizzazione,n,realizatzione,,bauladu,,,
rendiconto,n,torracontu,,bauladu,,,
TARI ,acr,TARI ,,bauladu,,,
tramite,prep, n,tràmite,,bauladu,,
comma,n,comma,,bauladu,,,
garantire,vblex,garantire,,bauladu,,,
entrata,n,intrada,,bauladu,,,
cambio,n,muda,f,bauladu,,,
programmazione,n,programmatzione,,bauladu,,,
proposta,n,proposta,,bauladu,,,
pubblicazione,n,publicatzione,,bauladu,,,
organo,n,òrganu,,bauladu,,,
allegato,nadj,allegadu,,bauladu,,,
comunale,adj,comunale,,bauladu,,,
controllo,n,controllu,,bauladu,,,
contabile,nadj,contàbile,,bauladu,,,
deliberazione,n,deliberatzione,,bauladu,,,
funzione,n,funtzione,,bauladu,,,
incarico,n,incàrrigu,,bauladu,,,
lettera,n,lìtera,,bauladu,,,
pubblicu,adj,pùblicu,,bauladu,,,
triennio,n,triènniu,,bauladu,,,
variazione,n,variatzione,,bauladu,,,
collaborazione,n,collaboratzione,,bauladu,,,
partecipata,adj,partetzipada,,bauladu,,,
pluriennale,adj,pluriennale,,bauladu,,,
prevista,adj,prevìdida,,bauladu,,,
pubblico,nadj,pùblicu,,bauladu,,,
regionale,adj,regionale,,bauladu,,,
riserva,n,riserva,,bauladu,,,
sezione,n,setzione,,bauladu,,,
superiore,nadj,superiore,,bauladu,,,
adottato,adj,adotadu,,bauladu,,,
ambito,n,àmbitu,,bauladu,,,
amministrazione,n,amministratzione,,bauladu,,,
avanzo,n,avantzu,,bauladu,,,
Bauladu,top,Bauladu,,bauladu,,xxx,VERIFY
biennale,adj,biennale,,bauladu,,,
componente,nadj,cumponente,,bauladu,,,
corrente,adj,currente,,bauladu,,,
determinazione,n,determinu,m,bauladu,,,
diritto,n,diritto,,bauladu,,,
documento,n,documentu,,bauladu,,,
economico,adj,econòmicu,,bauladu,,,
esercizio,n,esertzìtziu,,bauladu,,,
limite,n,lìmite,,bauladu,,,
generale,nadj,generale,,bauladu,,,
immobile,nadj,immòbile,,bauladu,,,
maggiore,adj,majore,,bauladu,,,
partecipazione,n,partetzipatzione,,bauladu,,,
regolarità,n,regularidade,,bauladu,,,
rimborso,n,rimbursu,,bauladu,,,
tassa,n,tassa,,bauladu,,,
rendiconto,n,torracontu,,bauladu,,,
TUEL,acr,TUEL,,bauladu,,,
tecnica,n,tècnica,,bauladu,,,
ambito,n,àmbitu,,bauladu,,,
euro,n,èuru,,bauladu,,,
approvare,vblex,aprovare,,bauladu,,,
bis,"abbrev,",bis,,bauladu,,,
contabilità,n,contabilidade,,bauladu,,,
proprio,adv,etotu,,bauladu,,,
indicare,vblex,indicare,,bauladu,,,
modalità,n,modalidade,,bauladu,,,
natura,n,natura,,bauladu,,,
periodico,nadj,periòdico,,bauladu,,,
ritenuto,adj,retentu,,bauladu,,,
urgenza,n,apretu,m,bauladu,,,
campo,n,campu,,bauladu,,,
componente,nadj,cumponente,,bauladu,,,
dichiarare,vblex,decrarare,,bauladu,,,
eseguibile,adj,esecutàbile,,bauladu,,,
personale,nadj,personale,,bauladu,,,
residenza,n,residèntzia,,bauladu,,,
ottobre,n,santugaine,,bauladu,,,
secondo,nadj,segundu,,bauladu,,,
unità,n,unidade,,bauladu,,,
vincolato,adj,vinculadu,,bauladu,,,
Abbanoa,al,Abbanoa,,bauladu,nombre de la compañia de servicios ídricos,,
parte,n,ala,,bauladu,,,
artt,"abbrev,",artt,,bauladu,,,
azione,n,atzione,,bauladu,,,
voce,n,boghe,,bauladu,,,
decorrere,vblex,decùrrere,,bauladu,,,
deliberato,adj,deliberadu,,bauladu,,,
delibera,n,delìbera,,bauladu,,,
equilibrio,n,echilìbriu,,bauladu,,,
effetto,n,efetu,,bauladu,,,
necessario,nadj,netzessàriu,,bauladu,,,
nota,n,nota,,bauladu,,,
valorizzazione,n,valorizatzione,,bauladu,,,
ordine,n,òrdine,,bauladu,,,
aprile,n,abrile,,bauladu,,,
amministrativo,adj,amministrativu,,bauladu,,,
annuale,n,annuale,,bauladu,,,
attuazione,n,atuatzione,,bauladu,,,
autonomo,adj,autònomo,,bauladu,,,
credito,n,crèdito,,bauladu,,,
contratto,n,cuntratu,,bauladu,,,
DUP,acr,DUP,,bauladu,,,
economia,n,economìa,,bauladu,,,
eventuale,adj,eventuale,,bauladu,,,
stato,n,istadu,,bauladu,,,
istituzionale,adj,istitutzionale,,bauladu,,,
lett ,"abbrev,",lett,,bauladu,,,
manutenzione,n,mantenidura,,bauladu,,,
necessità,n,netzessidade,,bauladu,,,
nota,n,nota,,bauladu,,,
ordinamento,n,ordinamentu,,bauladu,,,
percentuale,n,pertzentuale,,bauladu,,,
produttivo,adj,produtivo,,bauladu,,,
programmazione,n,programatzione,,bauladu,,,
rata,n,rata,,bauladu,,,
relativo,adj,relativo,,bauladu,,,
revisione,n,revisione,,bauladu,,,
riduzione,n,ridutzione,,bauladu,,,
sede,n,sede,,bauladu,,,
soggetto,n,sugetu,,bauladu,,,
somma,n,summa,,bauladu,,,
tariffa,n,tarifa,,bauladu,,,
ordinamento,n,ordinamentu,,bauladu,,,
percentuale,n,pertzentuale,,bauladu,,,
periodo,n,perìudu,,bauladu,,,
previsto,adj,previsto,,bauladu,,,
ultimo,adj,ùrtimu,,bauladu,,,
acquisto ,n,achistu,,bauladu,,,
compimento,n,acumprimentu,,bauladu,,,
adozione,n,adotzione,,bauladu,,,
affidamento,n,afidamentu,,bauladu,,,
agiornamentu,n,agiornamentu,,bauladu,,,
anno,n,annu,,bauladu,,,
cassa,n,cassa,,bauladu,,,
aumento,n,crèschida,,bauladu,,,
corrispondere,vblex,currispòndere,,bauladu,,,
dato ,n,datu,,bauladu,,,
diritto,n,deretu,,bauladu,,,
finanziamento,n,finantziamentu,,bauladu,,,
spesa,n,gastu,m,bauladu,,,
integrale,adj,integrale,,bauladu,,,
straordinario,adj,istraordinàriu,,bauladu,,,
IUC,acr,IUC,,bauladu,,,
limitadu,adj,limitadu,,bauladu,,,
locale,nadj,locale,,bauladu,,,
necessario,nadj,netzessàriu,,bauladu,,,
nuovo,nadj,nou,,bauladu,,,
portale,n,portale,,bauladu,,,
previsto,adj,prevìdidu,,bauladu,,,
proprio,adj,pròpiu,,bauladu,,,
saldo,n,saldu,,bauladu,,,
superficie,n,superfìtzie,,bauladu,,,
territorio,n,territòriu,,bauladu,,,
ufficio,n,ufìtziu,,bauladu,,,
unità,n,unidade,,bauladu,,,
adottare,vblex,adotare,,bauladu,,,
agricolo,adj,agrìculu,,bauladu,,,
accertato,adj,atzertadu,,bauladu,,,
settembre,n,cabudanni,,bauladu,,,
codifica,n,codificatzione,,bauladu,,,
complessivo,adj,cumplessivu,,bauladu,,,
destinato,adj,destinadu,,bauladu,,,
disciplina,adj,disciplina,,bauladu,,,
disposto,adj,dispostu,,bauladu,,,
documento,n,documentu,,bauladu,,,
deficit,n,dèficit,,bauladu,,,
debito,nadj,dèpidu,,bauladu,,,
equilibrio,n,echilìbriu,,bauladu,,,
edilizia,n,edilìtzia,,bauladu,,,
esecuzione,n,esecutzione,,bauladu,,,
eventuale,adj,eventuale,,bauladu,,,
finanziario,adj,finantziàriu,,bauladu,,,
edificio,n,fràigu,,bauladu,,,
funzionamento,n,funtzionamentu,,bauladu,,,
indennità,n,indennidade,,bauladu,,,
indiretta,n,indireta,,bauladu,,,
integrato,adj,integradu,,bauladu,,,
intero,adj,intreu,,bauladu,,,
investimento,n,investimentu,,bauladu,,,
scheda ,n,ischeda,,bauladu,,,
giugno,n,làmpadas,,bauladu,,,
mediante,prep,mediante,,bauladu,,,
misura,n,medida,,bauladu,,,
mezzo,n,mèdiu,,bauladu,,,
merito,n,mèritu,,bauladu,,,
ordinario,adj,ordinàriu,,bauladu,,,
pertinenza,n,pertinèntzia,,bauladu,,,
riguardare,vblex,pertocare,,bauladu,,,
proprietà,n,propiedade,,bauladu,,,
punto,n,puntu,,bauladu,,,
potere,vblex,pòdere,,bauladu,,,
regione,n,regione,,bauladu,,,
senso,n,sensu,,bauladu,,,
settore,n,setore,,bauladu,,,
tipo,n,tipu,,bauladu,,,
tecnico,nadj,tècnicu,,bauladu,,,
termine,n,tèrmine,,bauladu,,,
ufficio,n,ufìtziu,,bauladu,,,
urbano,adj,urbano,,bauladu,,,
variante,nadj,variante,,bauladu,,,
vigente,adj,vigente,,bauladu,,,
www,acr,www,,bauladu,el www debería estar minúsculo,,
aplicare,vblex,àplicare,,bauladu,,,
acquisire,vblex,achirire,,bauladu,,,
acquisizione,n,achirimentu,,bauladu,,,
compiuto,adj,acumpridu,,bauladu,,,
alienazione,n,alienatzione,,bauladu,,,
annualità,n,annualidade,,bauladu,,,
applicato,adj,aplicadu,,bauladu,,,
cumpilare,vblex,compilare,,bauladu,,,
corte,n,corte,,bauladu,,,
condizione,n,cunditzione,,bauladu,,,
codice,n,còdighe,,bauladu,,,
dato ,n,dadu,,bauladu,,,
diretta,nadj,direta,,bauladu,,,
esenzione,n,esentzione,,bauladu,,,
urbano,adj,urbano,,bauladu,,,
formazione,n,formatzione,,bauladu,,,
fornitura,n,frunidura,,bauladu,,,
spesa,n,gastu,m,bauladu,,,
gettito,n,gètidu,,bauladu,,,
integrante,adj,integrante,,bauladu,,,
interno,adj,internu,,bauladu,,,
stabilito,adj,istabilidu,,bauladu,,,
stabilire,vblex,istabilire,,bauladu,,,
libero,adj,lìberu,,bauladu,,,
maggio,n,maju,,bauladu,,,
marzo,n,martzu,,bauladu,,,
nominato,adj,mentovadu,,bauladu,,,
missione,n,missione,,bauladu,,,
norma,n,norma,,bauladu,,,
pagamento,n,pagamentu,,bauladu,,,
pari,n,pares,pl,bauladu,,,
pari,adj,pares,pl,bauladu,,,
partecipato,adj,partetzipadu,,bauladu,,,
particolare,nadj,piessignu,,bauladu,,,
premessa,nadj,premissa,,bauladu,,,
presunto,nadj,presumidu,,bauladu,,,
precedente ,nadj,pretzedente,,bauladu,,,
programma ,n,programma,,bauladu,,,
procedura,n,protzedura,,bauladu,,,
provente,n,proventu,,bauladu,,,
prezzo,n,prètziu,,bauladu,,,
regione,n,regione,,bauladu,,,
rendiconto,n,rendicontu,,bauladu,,,
rinviato,adj,rinviadu,,bauladu,,,
continuare,vblex,sighire,,bauladu,,,
sito,n,situ,,bauladu,,,
sostanziale,adj,sustantziale,,bauladu,,,
sindaco,n,sìndigu,,bauladu,,,
tale,nadj,tale,,bauladu,,,
telematica,adj,telemàtica,,bauladu,,,
terreno,n,terrinu,,bauladu,,,
terziaria,adj,tertziària,,bauladu,,,
testo,n,testu,,bauladu,,,
tre,nadj,tres,,bauladu,,,
opera,n,òpera,,bauladu,,,
adottato,adj,adotadu,,bauladu,,,
ambiente,n,ambiente,,bauladu,,,
accertata,adj,atzertada,,bauladu,,,
bisogno,n,bisòngiu,,bauladu,,,
qualche,adj.sg,carchi,sg,bauladu,,xxx,
sindaco,n,sìndigu,,bauladu,,,
criterio,n,critèriu,,bauladu,,,
compenso,n,cumpensu,,bauladu,,,
competente,adj,cumpetente,,bauladu,,,
conseguente,adj,cunsighente,,bauladu,,,
questo,adj,custu,,bauladu,,,
destinato,adj,destinadu,,bauladu,,,
determinato,adj,determinadu,,bauladu,,,
dipartimento,n,dipartimentu,,bauladu,,,
disporre,vblex,dispònnere,,bauladu,,,
dotazione,n,dotatzione,,bauladu,,,
debito,nadj,dèpidu,,bauladu,,,
esclusione,n,esclusione,,bauladu,,,
esecutivu,adj,esecutivo,,bauladu,,,
espresso,adj,espressadu,,bauladu,,,
finanziario,adj,finantziàriu,,bauladu,,,
fiscale,adj,fiscale,,bauladu,,,
fissato,adj,fissadu,,bauladu,,,
fissu,adj,fissu,,bauladu,,,
forfettario,adj,forfetàriu,,bauladu,,,
formale,adj,formale,,bauladu,,,
gennaio,n,ghennàrgiu,,bauladu,,,
calcolato,adj,calculadu,,bauladu,,,
immediato,adj,immediato,,bauladu,,,
indivisibile,adj,indivisìbile,,bauladu,,,
informatico,adj,informàticu,,bauladu,,,
infrastruttura,n,infrastrutura,,bauladu,,,
intervento,n,interventu,,bauladu,,,
specifico,adj,ispetzìficu,,bauladu,,,
competente,adj,cumpetente,,bauladu,,,
stabilito,adj,istabilidu,,bauladu,,,
straordinario,nadj,istraordinàriu,,bauladu,,,
strumentale,adj,istrumentale,,bauladu,,,
sviluppo,n,isvilupu,,bauladu,,,
libero,n,lìberu,,bauladu,,,
linea,n,lìnia,,bauladu,,,
dipartimento,n,dipartimento,,bauladu,,,
misura,n,medida,,bauladu,,,
mercato,n,mercadu,,bauladu,,,
Montiferru,top,Montiferru,,bauladu,,,
massimo,adj,màssimu,,bauladu,,,
diminuzione,n,mèngua,,bauladu,,,
nou,adj,nou,,bauladu,,,
obiettivo,n,obietivu,,bauladu,,,
opportuno,adj,oportunu,,bauladu,,,
perentorio,adj,perentòriu,,bauladu,,,
prelevamento,n,prelevamentu,,bauladu,,,
primo,nadj,primu,,bauladu,,,
procedimento,n,protzedimentu,,bauladu,,,
prestito,n,prèstido,,bauladu,,,
sembrare,vblex,pàrrere,,bauladu,,,
riconoscimento,n,reconnoschimentu,,bauladu,,,
regolamentato,adj,regulamentadu,,bauladu,,,
recitare,vblex,resare,,bauladu,,,
scelto,adj,seberadu,,bauladu,,,
chiuso,adj,serradu,,bauladu,,,
soggetto,nadj,sugetu,,bauladu,,,
supporto,n,suportu,,bauladu,,,
sotto,prep,suta,,bauladu,,,
tassazione,n,tassamentu,m,bauladu,,,
lavoro,n,traballu,,bauladu,,,
trasmissione,n,trasmissione,,bauladu,,,
trasmettere,vblex,trasmìtere,,bauladu,,,
strumento,n,trastu,,bauladu,,,
civile,adj,tzivile,,bauladu,,,
ceduto,adj,tzèdidu,,bauladu,,,
unione,n,unione,,bauladu,,,
valorizzazione,n,valorizatzione,,bauladu,,,
variabile,nadj,variàbile,,bauladu,,,
automobile,n,vetura,,bauladu,,,
area,n,àrea,,bauladu,,,
euro,n,èuro,,bauladu,,,
obbligo,n,òbligu,,bauladu,,,
compiere,vblex,acumprire,,bauladu,,,
agenzia,n,agèntzia,,bauladu,,,
ricordato,adj,ammentadu,,bauladu,,,
amministratore,nadj,amministradore,,bauladu,,,
ancora,adv,ancora,,bauladu,,,
anticipazione,n,antitzipatzione,,bauladu,,,
approvato,adj,aprovato,,bauladu,,,
alto,adj,artu,,bauladu,,,
articolo,n,artìculu,,bauladu,,,
assenza,n,ausèntzia,,bauladu,,,
autonomia,n,autonomia,,bauladu,,,
visto,adj,bidu,,bauladu,,,
vendita,n,bèndida,,bauladu,,,
Campidano,top,Campidanu,,bauladu,,,
capitolo,n,capìtulu,,bauladu,,,
categoria,n,categoria,,bauladu,,,
comunicare,vblex,comunicare,,bauladu,,,
conciliare,vblex,contziliare,,bauladu,,,
aumentare, crescere,vblex,crèschere,,bauladu,,
comunale,adj,cumonale,,bauladu,,,
concessione,n,cuntzessione,,bauladu,,,
definito,adj,definidu,,bauladu,,,
delibera,n,delìbera,,bauladu,,,
detenuto,adj,detentu,,bauladu,,,
determinato,adj,determinato,,bauladu,,,
detrazione,n,detratzione,,bauladu,,,
dipendente,nadj,dipendente,,bauladu,,,
direttamente,adv,diretamente,,bauladu,,,
disponibile,adj,disponìbile,,bauladu,,,
effetto,n,efetu,,bauladu,,,
elenco,n,elencu,,bauladu,,,
ex,prep,ex,,bauladu,,,
complessivo,adj,cumplessivu,,bauladu,,,
finanziamento,n,finantziamentu,,bauladu,,,
fisso,adj,fissu,,bauladu,,,
tranne,adv,francu,,bauladu,,,
generale,nadj,generale,,bauladu,,,
prossimo,adj,imbeniente,,bauladu,,,
invio,n,imbiu,,bauladu,,,
utilizzato,adj,impreadu,,bauladu,,,
individuato,adj,individuadu,,bauladu,,,
inserire,vblex,insertare,,bauladu,,,
investimento,n,investimentu,,bauladu,,,
scritto,nadv,iscritu,,bauladu,,,
stanziamento,n,istantziamentu,,bauladu,,,
statale,adj,istatale,,bauladu,,,
storico,nadj,istòricu,,bauladu,,,
legge,n,lege,,bauladu,,,
mantenimento,n,mantenimentu,,bauladu,,,
mensile,adj,mensile,,bauladu,,,
mercato,n,mercadu,,bauladu,,,
ministro,n,ministru,,bauladu,,,
minore,nadj,minore,,bauladu,,,
modificato,adj,modificadu,,bauladu,,,
cambiamento,n,muda,f,bauladu,,,
detto,adj,naradu,,bauladu,,,
nazionale,adj,natzionale,,bauladu,,,
notizia,nadj,noa,,bauladu,,,
nome,n,nùmene,,bauladu,,,
occupazione,n,ocupatzione,,bauladu,,,
rispettivamente,adv,de pare a pare,,bauladu,,,
prendere,vblex,pigare,,bauladu,,,
possesso,n,possessu,,bauladu,,,
posto,nadj,postu,,bauladu,,,
premesso,adj,premìtidu,,bauladu,,,
prestazione,n,prestatzione,,bauladu,,,
parere,n,pàrre,,bauladu,,,
pubblico,nadj,pùblicu,,bauladu,,,
riforma,n,reforma,,bauladu,,,
regolamento,n,regulamentu,,bauladu,,,
relativo,adj,relativu,,bauladu,,,
relazione,n,relatzione,,bauladu,,,
rete,n,retza,,bauladu,,,
rilevato,adj,rilevadu,,bauladu,,,
sicurezza,n,seguridade,,bauladu,,,
settore,n,setore,,bauladu,,,
sistema,n,sistema,,bauladu,,,
somma,n,summa,,bauladu,,,
mercato,n,mercato,,bauladu,,,
tempo,n,tempus,,bauladu,,,
trasparente,adj,trasparente,,bauladu,,,
trasporto,n,trasportu,,bauladu,,,
tributario,adj,tributàriu,,bauladu,,,
luglio,n,trìulas,,bauladu,,,
urbano,adj,urbanu,,bauladu,,,
urbanistico,adj,urbanìsticu,,bauladu,,,
versamento,n,versamentu,,bauladu,,,
vincolato,adj,vinculadu,,bauladu,,,
applicare,vblex,aplicare,,bauladu,,,
altri,n,àtere,,bauladu,"en sardo es ""uncountable""",,
idrico,adj,ìdricu,,bauladu,,,
acquisito,adj,achiridu,,bauladu,,,
acquisizione,n,achirimentu,m,bauladu,,,
accrescimento,n,acreschimentu,,bauladu,,,
addizionale,adj,additzionale,,bauladu,,,
adeguamento,n,adeguamentu,,bauladu,,,
aggiunta,nadj,agiunta,,bauladu,,,
albo,n,albo,,bauladu,,,
mancare,vblex,ammancare,,bauladu,,,
amministrativo,n,amministrativu,,bauladu,,,
rilevato,n,rilevadu,,bauladu,,,
aggiungere,adj,annànghere,,bauladu,,,
appalto,n,apaltu,,bauladu,,,
porgere,vblex,aporrire,,bauladu,,,
assetto,n,assetu,,bauladu,,,
assimilato,adj,assimiladu,,bauladu,,,
attivazione,n,ativatzione,,bauladu,,,
attribuibile,adj,atribuìbile,,bauladu,,,
accertato,adj,atzertadu,,bauladu,,,
quattro,nadj,bator,,bauladu,,,
vedere,vblex,bìdere,,bauladu,,,
strada,n,caminu,,bauladu,,,
capitolo,n,capìtulu,,bauladu,,,
nel caso,conj,casumai,,bauladu,,,
catastale,adj,catastale,,bauladu,,,
catasto,n,catastu,,bauladu,,,
cento,nadj,chentu,,bauladu,,,
cinque,nadj,chimbe,,bauladu,,,
riscossione,n,cobru,m,bauladu,,,
comodato,n,comodadu,,bauladu,,,
comune,nadj,comune,,bauladu,,,
comunicazione,n,comunicatzione,,bauladu,,,
contributo,n,contributu,,bauladu,,,
cooperativa,n,cooperativa,,bauladu,,,
quello,adj,cuddu,,bauladu,,,
inizio,n,cumintzu,,bauladu,,,
compenso,n,cumpensu,,bauladu,,,
compilazione,n,cumpiladura,,bauladu,,,
completo,nadj,cumpleto,,bauladu,,,
conformità,n,cunformidade,,bauladu,,,
consentito,adj,cunsentidu,,bauladu,,,
contenimento,n,cuntenimentu,,bauladu,,,
contribuente,adj,cuntribuente,,bauladu,,,
breve,adj,curtzu,,bauladu,,,
determinato,adj,determinadu,,bauladu,,,
differente,adj,diferente,,bauladu,,,
adottato,adj,adotadu,,bauladu,,,
albo,n,albu,,bauladu,,,
disponibile,adj,disponìbile,,bauladu,,,
si,adv,eja,,bauladu,,,
eliminazione,n,eliminatzione,,bauladu,,,
esclusivamente,adv,esclusivamente,,bauladu,,,
articolo,n,articolo,,bauladu,,,
eccezione,n,etzetzione,,bauladu,,,
facoltà,n,facultade,,bauladu,,,
familiare,nadj,familiare,,bauladu,,,
finanziato,adj,finantziadu,,bauladu,,,
capo,n,cabu,,bauladu,,,
finanziare,vblex,finantziare,,bauladu,,,
finanza,n,finàntzia,,bauladu,,,
catasto,n,catastu,,bauladu,,,
fundamentale,adj,fundamentale,,bauladu,,,
circolare,nadj,circolare,,bauladu,,,
gazzetta,n,gazeta,,bauladu,,,
gestore,nadj,gestore,,bauladu,,,
giro,n,giru,,bauladu,,,
gov,"abbrev,",gov,,bauladu,,,
governo,n,guvernu,,bauladu,,,
conseguentemente,adv,de cunsighèntzia,,bauladu,,,
impossibilità,n,impossibilidade,,bauladu,,,
imposta,nadj,imposta,,bauladu,,,
contribuente,nadj,contribuente,,bauladu,,,
utilizzare,vblex,impreare,,bauladu,,,
indicato,adj,indicadu,,bauladu,,,
debito,nadj,dèpidu,,bauladu,,,
indicazione,n,indicu,,bauladu,,,
indirizzo,n,indiritzu,,bauladu,,,
IRAP,acr,IRAP,,bauladu,,,
schema,n,ischema,,bauladu,,,
scritto,nadj,iscritu,,bauladu,,,
specifico,adj,ispetzìficu,,bauladu,,,
stabilità,n,istabilidade,,bauladu,,,
statale,adj,istatale,,bauladu,,,
stima,n,istima,,bauladu,,,
istitutivo,adj,istitutivu,,bauladu,,,
istituto,n,istitutu,,bauladu,,,
istituzionale,adj,istitutzionale,,bauladu,,,
istruzione,n,istrutzione,,bauladu,,,
italianu,adj,italianu,,bauladu,,,
liquidazione,n,licuidatzione,,bauladu,,,
lungo,adj,longu,,bauladu,,,
maggiore,nadj,majore,,bauladu,,,
mandato,nadj,mandadu,,bauladu,,,
mensiltà,n,mensilidade,,bauladu,,,
mera,adj,mera,,bauladu,,,
minore,nadj,minore,,bauladu,,,
massimo,adj,màssimu,,bauladu,,,
media,nadj,mèdia,,bauladu,,,
normativa,n,normativa,,bauladu,,,
nucleo,n,nùcleu,,bauladu,,,
ordinario,nadj,ordinàrio,,bauladu,,,
ovvero,conj,overas,,bauladu,,,
partita,nadj,partida,,bauladu,,,
pareggio,n,parègiu,,bauladu,,,
passivo,nadj,passivu,,bauladu,,,
patrimonio,n,patrimòniu,,bauladu,,,
pluriennale,adj,pluriennale,,bauladu,,,
politica,nadj,polìtica,,bauladu,,,
posseduto,adj,possedidu,,bauladu,,,
possibile,nadj,possìbile,,bauladu,,,
prelievo,nadj,prelevada,,bauladu,,,
presidente,n,presidente,,bauladu,,,
prestazione,n,prestatzione,,bauladu,,,
pretorio,adj,pretòriu,,bauladu,,,
principio,n,printzìpiu,,bauladu,,,
produzione,n,produtzione,,bauladu,,,
professionale,nadj,professionale,,bauladu,,,
progetto,n,progetu,,bauladu,,,
proprietà,n,propiedade,,bauladu,,,
proporre,vblex,propònnere,,bauladu,,,
provveduto,adj,provididu,,bauladu,,,
ragioneria,n,ragioneria,,bauladu,,,
recupero,n,recùperu,,bauladu,,,
redatto,adj,redatadu,,bauladu,,,
noleggio,n,nolègiu,,bauladu,,,
ricorso,n,ricursu,,bauladu,,,
RSU,acr,RSU,,bauladu,,,
rurale,adj,rurale,,bauladu,,,
semplificato,adj,semplificadu,,bauladu,,,
senza,adv,sena,,bauladu,,,
sistema,n,sistema,,bauladu,,,
situato,adj,sitiadu,,bauladu,,,
sostituito,adj,sostituidu,,bauladu,,,
sociale,adj,sotziale,,bauladu,,,
territoriale,adj,territoriale,,bauladu,,,
tesoriere,n,tesoreri,,bauladu,,,
testualmente,adv,testualmente,,bauladu,,,
totale,nadj,totale,,bauladu,,,
tutto,adj,totu,,bauladu,,xxx,
trasporto,n,trasportu,,bauladu,,,
tributo,n,tributu,,bauladu,,,
trasferimento,n,tràmuda,f,bauladu,,,
circolare,nadj,tzirculare,,bauladu,,,
ufficiale,nadj,ufitziale,,bauladu,,,
vigore,n,vigore,,bauladu,,,
vincolu,n,vìnculo,,bauladu,,,
progetto,n,progetu,,bauladu,,,
onere,n,ònere,,bauladu,,,
pubblicità,n,pubblicità,,bauladu,,,
abitante,nadj,abitante,,bauladu,,,
finito,adj,acabadu,,bauladu,,,
aggiornato,adj,agiornadu,,bauladu,,,
locato,adj,allogadu,,bauladu,,,
residuo,nadj,resìduu,,bauladu,,,
ambientale,adj,ambientale,,bauladu,,,
ammontare,vblex,ammontare,,bauladu,,,
anagràfico,adj,anagràfico,,bauladu,,,
predetto,adj,anteditu,,bauladu,,,
anziano,nadj,antzianu,,bauladu,,,
anticipo,n,antìtzipu,,bauladu,,,
analogo,adj,anàlogu,,bauladu,,,
riscossione,n,cobru,,bauladu,,,
applicativo,adj,aplicativu,,bauladu,,,
rurale,adj,rurale,,bauladu,,,
apporre,vblex,apònnere,,bauladu,,,
apposito,adj,apòsitu,,bauladu,,,
seguente,nadj,imbeniente,,bauladu,,,
arredamento,n,arredamentu,,bauladu,,,
assessore,n,assessore,,bauladu,,,
assimilato,adj,assimiladu,,bauladu,,,
attivo,adj,ativu,,bauladu,,,
attribuito,adj,atribuidu,,bauladu,,,
attribuzione,n,atributzione,,bauladu,,,
solidarietà,n,solidariedade,,bauladu,,,
sostituito,nadj,atzessòriu,,bauladu,,,
spazio,n,aumentu,,bauladu,,,
autoridade,n,autoridade,,bauladu,,,
autorizzazione,n,autorizatzione,,bauladu,,,
autonoma,adj,autònoma,,bauladu,,,
bilancio,n,bilantzu,,bauladu,,,
biennio,n,biènniu,,bauladu,,,
venire,vblex,bènnere,,bauladu,,,
qualità,n,calidade,,bauladu,,,
quantità,n,cantidade,,bauladu,,,
capo,n,capu,,bauladu,,,
cassiere,n,casseri,,bauladu,,,
classificadu,adj,classificadu,,bauladu,,,
classificazione,n,classificatzione,,bauladu,,,
recuperato,adj,coberadu,,bauladu,,,
coefficiente,n,coefitziente,,bauladu,,,
coerente,adj,coerente,,bauladu,,,
comunità,n,comunidade,,bauladu,,,
contribuire,vblex,contribuire,,bauladu,,,
contabile,nadj,contàbile,,bauladu,,,
coordinamento,n,coordinamentu,,bauladu,,,
creare,vblex,creare,,bauladu,,,
quadro,n,cuadru,,bauladu,,,
adj,nadj,cumpetente,,bauladu,,,
adj,n,cumpetitividade,,bauladu,,,
competenza,n,cumpetèntzia,,bauladu,,,
comportare,vblex,cumportare,,bauladu,,,
composizione,vblex,cumpositzione,,bauladu,,,
condizione,n,cunditzione,,bauladu,,,
conferito,nadj,cunferidu,,bauladu,,,
consentito,adj,cunsentidu,,bauladu,,,
considerato,adj,cunsideradu,,bauladu,,,
conseguente,adj,cunsighente,,bauladu,,,
contratto,n,cuntratu,,bauladu,,,
quotato,adj,cuotadu,,bauladu,,,
corrispondere,vblex,currispòndere,,bauladu,,,
quello,adj,cussu,,bauladu,,,
carico,nadj,càrrigu,,bauladu,,,
decorrenza,n,decurrèntzia,,bauladu,,,
definitivo,adj,definitivu,,bauladu,,,
denominazione,n,denumenatzione,,bauladu,,,
determinare,vblex,determinare,,bauladu,,,
diretto,adj,dirìgidu,,bauladu,,,
disciplinare,vblex,disciplinare,,bauladu,,,
disposto,adj,dispostu,,bauladu,,,
distinto,adj,distintu,,bauladu,,,
disabile,nadj,disàbile,,bauladu,,,
diverso,adj,diversu,,bauladu,,,
DM,acr,DM,,bauladu,,,
documentazione,n,documentatzione,,bauladu,,,
autorizzazione,nadj,dòighi,,bauladu,,,
economica,adj,econòmica,,bauladu,,,
edilizia,nadj,edilìtzia,,bauladu,,,
eseguito,adj,esecutadu,,bauladu,,,
esecutività,n,esecutividade,,bauladu,,,
esecutivo,adj,esecutivu,,bauladu,,,
esistere,vblex,esìstere,,bauladu,,,
esposto,adj,espostu,,bauladu,,,
essenziale,nadj,essentziale,,bauladu,,,
errore,n,faddina,f,bauladu,,,
fase,n,fase,,bauladu,,,
federalismo,n,federalismu,,bauladu,,,
finale,adj,finale,,bauladu,,,
fissato,adj,fissadu,,bauladu,,,
forma,n,forma,,bauladu,,,
forza,n,fortza,,bauladu,,,
fabbricato,adj,fraigadu,,bauladu,,,
Francesca,ant,Francesca,,bauladu,,,
Gabriella,ant,Gabriella,,bauladu,,,
igiene,n,igiene,,bauladu,,,
impegno,n,impinnu,,bauladu,,,
incasso,n,incassu,,bauladu,,,
incluso,adj,inclùdidu,,bauladu,,,
incarico,n,incàrrigu,,bauladu,,,
indipendentemente,adv,indipendentemente,,bauladu,,,
influenza,n,influèntzia,,bauladu,,,
informazione,n,informatzione,,bauladu,,,
ing,"abbrev,",ing,,bauladu,,,
innovazione,n,innovatzione,,bauladu,,,
intergrativo,adj,integrativo,,bauladu,,,
contenuto,nadj,cuntenutu,,bauladu,,,
interesse,n,interessu,,bauladu,,,
intero,adj,intreu,,bauladu,,,
incentivo,n,intzentivu,,bauladu,,,
scadenza,n,iscadèntzia,,bauladu,,,
attesa,n,isetu,m,bauladu,,,
specifico,adj,ispetzìficu,,bauladu,,,
stabilito,adj,istabilidu,,bauladu,,,
statuto,n,istatutu,,bauladu,,,
stimato,adj,istimadu,,bauladu,,,
istituito,adj,istituidu,,bauladu,,,
studente,nadj,istudiante,,bauladu,,,
studio,n,istùdiu,,bauladu,,,
iter,n,iter,,bauladu,,,
leg,"abbrev,",leg,,bauladu,,,
lettera,n,lìtera,,bauladu,,,
ma,conj,ma,,bauladu,,,
mancato,adj,mancadu,,bauladu,,,
metodologia,n,metodologia,,bauladu,,,
mezzo,n,mezu,,bauladu,,,
mobile,nadj,mòbile,,bauladu,,,
negativo,adj,negativu,,bauladu,,,
notizia,n,noa,,bauladu,,,
noleggio,n,nolègiu,,bauladu,,,
normativo,adj,normativu,,bauladu,,,
operativo,adj,operativu,,bauladu,,,
organismo,n,organismu,,bauladu,,,
organizzazione,organizzazione,organizatzione,,bauladu,,,
parere,n,parre,,bauladu,,,
particolare,adj,particulare,,bauladu,,,
Natale,n,Paschighedda,,bauladu,,,
patrimoniale,adj,patrimoniale,,bauladu,,,
permanente,adj,permanente,,bauladu,,,
percentuale,nadj,pertzentuale,,bauladu,,,
nessun,adj,perunu,,bauladu,,xxx,ATENCION: perunu está solo como prn
polizia,n,politzia,,bauladu,,,
possessore,nadj,possessore,,bauladu,,,
posto,nadj,postu,,bauladu,,,
predisporre,vblex,predispònnere,,bauladu,,,
presenza,n,presèntzia,,bauladu,,,
proposto,adj,propostu,,bauladu,,,
prospetto,n,prospetu,,bauladu,,,
provvedimentu,n,provedimentu,,bauladu,,,
provvedere,vblex,providire,,bauladu,,,
provinciale,adj,provintziale,,bauladu,,,
provincia,n,provìntzia,,bauladu,,,
pubblicato,adj,publicadu,,bauladu,,,
pubblicare,vblex,publicare,,bauladu,,,
pubblicità,n,publitzidade,,bauladu,,,
punto,n,puntu,,bauladu,,,
redazione,n,redatzione,,bauladu,,,
ridurre,vblex,reduire,,bauladu,,,
referente,nadj,referente,,bauladu,,,
regionale,adj,regionale,,bauladu,,,
regolamentare,vblex,regulamentare,,bauladu,,,
residenti,nadj,residente,,bauladu,,,
residenziale,adj,residentziale,,bauladu,,,
risorsa,n,resursa,,bauladu,,,
resurtare,vblex,resurtare,,bauladu,,,
revisore,nadj,revisore,,bauladu,,,
ricovero,n,ricòveru,,bauladu,,,
rimborso,n,rimbursu,,bauladu,,,
riordino,n,riòrdinu,,bauladu,,,
santo,n,santu,,bauladu,,,
novembre,n,santandria,,bauladu,,,
segretario,n,segretàriu,,bauladu,,,
semplificato,adj,semplificadu,,bauladu,,,
seguito,n,sighidura,f,bauladu,,,
solidarietà,n,solidariedade,,bauladu,,,
patrimoniale,adj,patrimoniale,,bauladu,,,
usufrutto,n,sufrutu,,bauladu,,,
soggetto,nadj,sugetu,,bauladu,,,
successivo,adj,sutzessivu,,bauladu,,,
singolo,nadj,sìngulu,,bauladu,,,
socio,n,sòtziu,,bauladu,,,
tabella,n,tabella,,bauladu,,,
Tares,al,Tares,,bauladu,impuesto para la basura,,
tassa,n,tassa,,bauladu,,,
tornato,adj,torradu,,bauladu,,,
trasferito,adj,tramudadu,,bauladu,,,
trasferimentu,n,trasferimentu,,bauladu,,,
trattamento,n,tratamentu,,bauladu,,,
tributario,nadj,tributàrio,,bauladu,,,
trenta,nadj,trinta,,bauladu,,,
trasferimento,n,tràmuda,f,bauladu,,,
amparu,n,tutela,f,bauladu,,,
ceduto,n,tzèdidu,,bauladu,,,
tecnica,nadj,tècnica,,bauladu,,,
titolo,n,tìtulu,,bauladu,,,
ulteriore,adj,ulteriore,,bauladu,,,
urbanistico,adj,urbanìstico,,bauladu,,,
variante,nadj,variante,,bauladu,,,
variare,vblex,variare,,bauladu,,,
verifica,n,verìfica,,bauladu,,,
web,n,web,,bauladu,,,
zona,n,zona,,bauladu,,,
restare,vblex,abarrare,,bauladu,,,
abituale,adj,abituale,,bauladu,,,
legare,adj,acapiadu,,bauladu,,,
acquisire,vblex,achirire,,bauladu,,,
accolto,adj,acollidu,,bauladu,,,
demandare,vblex,acumandare,,bauladu,,,
adempimento,n,acumprimentu,,bauladu,,,
adottato,adj,adotadu,,bauladu,,,
affidare,vblex,afidare,,bauladu,,,
affrontare,vblex,afrontare,,bauladu,,,
agenzia,n,agentzia,,bauladu,,,
aggiornato,adj,agiornadu,,bauladu,,,
aggiudicatore,nadj,agiudicadore,,bauladu,,,
aggiunto,adj,agiuntu,,bauladu,,,
agricolo,adj,agrìculo,,bauladu,,,
Alessandro,ant,Alessandro,,bauladu,,,
allegare,vblex,allegare,,bauladu,,,
scelto,adj,seberadu,,bauladu,,,
segretario,n,segretàriu,,bauladu,,,
amm,"abbrev,",amm,,bauladu,,,
amministratore,nadj,amministradore,,bauladu,,,
ammesso,adj,ammìtidu,,bauladu,,,
andamento,n,andamentu,,bauladu,,,
annualità,n,annualidade,,bauladu,,,
annullamento,n,annullamentu,,bauladu,,,
precedente,adj,antetzedente,,bauladu,,,
anticipata,adj,antitzipada,,bauladu,,,
anticipazione,n,antitzipatzione,,bauladu,,,
anagrafe,n,anàgrafe,,bauladu,,,
analisi,n,anàlisi,,bauladu,,,
apaltante,nadj,apaltante,,bauladu,,,
applicato,adj,aplicadu,,bauladu,,,
applicabile,adj,aplicàbile,,bauladu,,,
riportato,adj,aporridu,,bauladu,,,
approvato,adj,aprovadu,,bauladu,,,
Arera,np,Arera,,bauladu,,,
Oristano,top,Aristanis,,bauladu,,,
arredu,n,arredu,,bauladu,,,
arte,n,arte,,bauladu,,,
asilo,n,asilu,,bauladu,,,
assicurato,n,asseguradu,,bauladu,,,
assicurare,vblex,assegurare,,bauladu,,,
stabile,adj,assentadu ,,bauladu,,,
stabilizzazione,n,assentadura,,bauladu,,,
ubicato,adj,assetiadu,,bauladu,,,
assegnatario,adj,assignatàriu,,bauladu,,,
assimilato,adj,assimiladu,,bauladu,,,
ubicazione,adj,assètiu,m,bauladu,,,
associazione,n,assòtziu,m,bauladu,,,
attivo,adj,ativu,,bauladu,,,
attrezzatura,n,atretzadura,,bauladu,,,
attribuito,adj,atribuidu,,bauladu,,,
attribuibile,adj,atribuìbile,,bauladu,,,
attuare,vblex,atuare,,bauladu,,,
accertamento,vblex,atzertamentu,,bauladu,,,
autorità,n,autoridade,,bauladu,,,
autorizzato,adj,autorizadu,,bauladu,,,
atto,n,autu,,bauladu,,,
avviato,adj,aviadu,,bauladu,,,
avviso,n,avisu,,bauladu,,,
adottino,vblex,avèrguare,,bauladu,,,
azzeramento,n,azeramentu,,bauladu,,,
portato,adj,batidu,,bauladu,,,
bene,adv,bene,,bauladu,,,
visto,adj,bidu,,bauladu,,,
verde,nadj,birde,,bauladu,,,
blocco,n,blocu,,bauladu,,,
perché,cnj,ca,,bauladu,,,
qualitativo,adj,calitativu,,bauladu,,,
campo,n,campu,,bauladu,,,
cane,n,cane,,bauladu,,,
cantonato,vblex,cantonadu,,bauladu,,,
cantonamentu,vblex,cantonamentu,,bauladu,,,
amm,abbrev.,amm,,bauladu,,,
caso,n,casu,,bauladu,,,
amministratore,nadj,amministradore,,bauladu,,,
anagrafe,n,anagrafe,,bauladu,,,
ricerca,n,chirca,,bauladu,,,
recuperato,adj,coberadu,,bauladu,,,
coprire,vblex,cobèrrere,,bauladu,,,
coerenza,n,coerèntzia,,bauladu,,,
passato,adj,coladu,,bauladu,,,
collaborazione,n,collaboratzione,,bauladu,,,
collettivo,adj,colletivo,,bauladu,,,
collegio,n,collègiu,,bauladu,,,
coltivatore,nadj,coltivadore,,bauladu,,,
comunicato,nadj,comunicadu,,bauladu,,,
comunicare,vblex,comunicare,,bauladu,,,
conclusione,n,concrusione,,bauladu,,,
conguaglio,n,conguàlliu,,bauladu,,,
coniugale,adj,coniugale,,bauladu,,,
connessione,n,connessione,,bauladu,,,
connesso,adj,connètidu,,bauladu,,,
consulenza,n,consulèntzia,,bauladu,,,
consuntivo,adj,consuntivu,,bauladu,,,
contribuito,adj,contribuidu,,bauladu,,,
contributivo,adj,contributivu,,bauladu,,,
costituito,adj,costituidu,,bauladu,,,
costituire,vblex,costituire,,bauladu,,,
costituzione,n,costitutzione,,bauladu,,,
chiaro,adj,craru,,bauladu,,,
chiarito,adj,craridu,,bauladu,,,
culturale,adj,culturale,,bauladu,,,
committente,adj,cummitente,,bauladu,,,
complessità,n,cumplessidade,,bauladu,,,
comporre,vblex,cumpònere,,bauladu,,,
provato,adj,cumprovadu,,bauladu,,,
compreso,adj,cumprèndidu,,bauladu,,,
conferire,vblex,cunferire,,bauladu,,,
conferma,n,cunfirma,,bauladu,,,
confermato,adj,cunfirmadu,,bauladu,,,
confermare,vblex,cunfirmare,,bauladu,,,
consentire,vblex,cunsentire,,bauladu,,,
considerato,adj,cunsideradu,,bauladu,,,
contento,adj,cuntentu,,bauladu,,,
contenuto,adj,cuntenutu,,bauladu,,,
censimento,n,tzensimentu,,bauladu,,,
cento,nadj,chentu,,bauladu,,,
quota,n,cuota,,bauladu,,,
corretto,adj,curretu,,bauladu,,,
corrispondenza,n,currispondèntzia,,bauladu,,,
consigliere,n,cussigeri,,bauladu,,,
cambio,n,càmbiu,,bauladu,,,
canone,n,cànone,,bauladu,,,
calcolo,n,càrculu,,bauladu,,,
coniuge,n,còjube,,bauladu,,,
compito,n,còmpitu,,bauladu,,,
copia,n,còpia,,bauladu,,,
collina,n,cùcuru,m,bauladu,,,
coefficiente,n,coefitziente,,bauladu,,,
coerente,n,coerente,,bauladu,,,
dèficit,n,deficit,,bauladu,,,
definito,adj,definidu,,bauladu,,,
definito,adj,definitivu,,bauladu,,,
definizione,n,definitzione,,bauladu,,,
coltivatore,n,massàiu,,bauladu,,,
deliberare,vblex,deliberare,,bauladu,,,
demaniale,adj,demaniale,,bauladu,,,
destinazione,n,destinatzione,,bauladu,,,
diffida,n,difida,,bauladu,,,
domanda,n,dimanda,,bauladu,,,
diretta,adj,dirìgida,,bauladu,,,
disegno,n,disinnu,,bauladu,,,
dimissione,n,dismissione,,bauladu,,,
disponibilità,n,disponibilidade,,bauladu,,,
distretto,n,distretu,,bauladu,,,
diverso,adj,diversu,,bauladu,,,
diviso,adj,divididu,,bauladu,,,
dotazione,n,dotatzione,,bauladu,,,
due,nadj,duos,,bauladu,,,
debito,nadj,dèpidu,,bauladu,,,
deroga,n,dèroga,,bauladu,,,
economato,n,economadu,,bauladu,,,
equivalenza,n,ecuivalèntzia,,bauladu,,,
edilizio,adj,edilìtziu,,bauladu,,,
efficacia,n,eficatzidade,,bauladu,,,
elaborazione,n,elaboratzione,,bauladu,,,
elemento,n,elementu,,bauladu,,,
elettivo,n,eletivu,,bauladu,,,
consuntivo,adj,consuntivu,,bauladu,,,
emesso,adj,emìtidu,,bauladu,,,
energia,n,energia,,bauladu,,,
erogato,adj,erogadu,,bauladu,,,
erogazione,n,erogatzione,,bauladu,,,
esclusivo,adj,esclusivu,,bauladu,,,
escluso,adj,esclùdidu,,bauladu,,,
esigibilità,n,esigibilidade,,bauladu,,,
espresso,adj,espressadu,,bauladu,,,
uscita,nadj,essida,,bauladu,,,
esterna,adj,esterna,,bauladu,,,
estinzione,n,estintzione,,bauladu,,,
estetico,adj,estèticu,,bauladu,,,
esame,n,esàmene,,bauladu,,,
etc,abbrev.,etc,,bauladu,,,
evidenza,n,evidèntzia,,bauladu,,,
extratributaria,adj,extratributària,,bauladu,,,
fabbricabile,nadj,fraigàbile,,bauladu,,,
facoltativa,adj,facultativa,,bauladu,,,
scendere,vblex,falare,,bauladu,,,
mancanza,n,farta,,bauladu,,,
fase,n,fase,,bauladu,,,
fatturato,n,faturadu,,bauladu,,,
finale,nadj,finale,,bauladu,,,
finanziato,adj,finantziadu,,bauladu,,,
fissare,vblex,fissare,,bauladu,,,
fornito,adj,frunidu,,bauladu,,,
fornire,vblex,frunire,,bauladu,,,
funzionale,adj,funtzionale,,bauladu,,,
funzionario,n,funtzionàriu,,bauladu,,,
fusione,n,fusione,,bauladu,,,
garanzia,n,garantzia,,bauladu,,,
gettone,n,gettone,,bauladu,,,
giuridico,adj,giurìdico,,bauladu,,,
giovane,nadj,giòvanu,,bauladu,,,
grado,n,gradu,,bauladu,,,
graduale,adj,graduale,,bauladu,,,
gruppo,n,grupu,,bauladu,,,
idoneo,adj,idòneu,,bauladu,,,
domanda,n,domanda,,bauladu,,,
inviare,vblex,imbiare,,bauladu,,,
immutabile,adj,immutàbile,,bauladu,,,
impegnato,adj,impinnadu,,bauladu,,,
impegno,n,impinnu,,bauladu,,,
impiegato,adj,impreadu,,bauladu,,,
imprenditore,n,imprendidore,,bauladu,,,
imputato,nadj,imputadu,,bauladu,,,
imputazione,n,imputatzione,,bauladu,,,
indicazione,n,indicu,,bauladu,,,
indirizzo,n,indiritzu,,bauladu,,,
individuato,adj,individuadu,,bauladu,,,
individuale,adj,individuale,,bauladu,,,
indivisibile,adj,indivisìbile,,bauladu,,,
informatica,n,informàtica,,bauladu,,,
informatico,nadj,informàticu,,bauladu,,,
infanzia,n,infàntzia,,bauladu,,,
inserimento,n,insertada,f,bauladu,,,
insufficiente,adj,insufitziente,,bauladu,,,
internet,n,internet,,bauladu,,,
tra,prep,intre,,bauladu,,,
entro,prep,intru,,bauladu,,,
IRPEF,acr,IRPEF,,bauladu,,,
separazione,n,ischirriada,,bauladu,,,
scuola,n,iscola,,bauladu,,,
scolastico,nadj,iscolàsticu,,bauladu,,,
iscrizione,n,iscritzione,,bauladu,,,
scrivibile,adj,iscrivìbile,,bauladu,,,
scioglimento,n,isorvimentu,,bauladu,,,
speciale,adj,ispetziale,,bauladu,,,
specializzazione,n,ispetzializatzione,,bauladu,,,
specificamente,adv,ispetzificamente,,bauladu,,,
specifico,adj,ispetzìficu,,bauladu,,,
sport,n,isport,,bauladu,,,
extratributaria,adj,extratributària,,bauladu,,,
stabilito,adj,istabilidu,,bauladu,,,
standard,nadj,istandard,,bauladu,,,
stanziamento,n,istantziamentu,,bauladu,,,
ISTAT,acr,ISTAT,,bauladu,,,
stazione,n,istatzione,,bauladu,,,
statistica,nadj,istatìstica,,bauladu,,,
stipulato,adj,istipuladu,,bauladu,,,
statuto,n,istitutu,,bauladu,,,
stanziato,adj,istraordinàriu,,bauladu,,,
strumentale,adj,istrumentale,,bauladu,,,
struttura,n,istrutura,,bauladu,,,
KB,acr,KB,,bauladu,,,
KC,acr,KC,,bauladu,,,
funzionariu,adj,funtzionàriu,,bauladu,,,
fusione,n,fusione,,bauladu,,,
legale,nadj,legale,,bauladu,,,
liquidare,vblex,licuidare,,bauladu,,,
locazione,n,locatzione,,bauladu,,,
luce,n,lughe,,bauladu,,,
lusso,n,lussu,,bauladu,,,
arrivare,vblex,lòmpere,,bauladu,,,
manovra,n,manovra,,bauladu,,,
mantenere,vblex,mantènnere,,bauladu,,,
matrimonio,n,matrimòniu,,bauladu,,,
materia,n,matèria,,bauladu,,,
miglioramento,n,megioru,,bauladu,,,
nominato,adj,mentovadu,,bauladu,,,
mentre,conj,mentras,,bauladu,,,
mese,n,mese,,bauladu,,,
inadempiente,adj,inadempiente,,bauladu,,,
microchip,n,microchip,,bauladu,,,
miss,abbrev.,miss,,bauladu,,,
modificato,adj,modificadu,,bauladu,,,
MQ,acr,MQ,,bauladu,esta es una unidad de medida… va en maiuscula,,
mostra,n,mustra,,bauladu,,,
minimo,nadj,mìnimu,,bauladu,,,
detto,adj,naradu,,bauladu,,,
naturale,adj,naturale,,bauladu,,,
pulito,adj,netu,,bauladu,,,
necessità,n,netzessidade,,bauladu,,,
notevole,adj,notèvole,,bauladu,,,
obbligatorio,adj,obligatòriu,,bauladu,,,
occasione,n,ocasione,,bauladu,,,
operativo,n,operativu,,bauladu,,,
oppure,conj,opuru,,bauladu,,,
organizzativo,adj,organizativu,,bauladu,,,
orientamento,n,orientamentu,,bauladu,,,
osservatorio,nadj,osservatòriu,,bauladu,,,
ottimale,adj,otimale,,bauladu,,,
paesaggio,n,paesàgiu,,bauladu,,,
iscrizione,n,iscritzione,,bauladu,,,
isola,n,ìsula,,bauladu,,,
particolare,nadj,particulare,,bauladu,,,
partizione,n ,partitzione,,bauladu,,,
pastorale,adj,pastorale,,bauladu,,,
patrimoniale,adj,patrimoniale,,bauladu,,,
pedonale,adj,pedonale,,bauladu,,,
perequativo,adj,agualadore,,bauladu,,,
perimetro,n,perìmetru,,bauladu,,,
perizia,n,perìtzia,,bauladu,,,
personalizzato,adj,personalitzadu,,bauladu,,,
piano,n,pianu,,bauladu,,,
POG,acr,POG,,bauladu,,,
popolare,adj,populare,,bauladu,,,
popolazione,n,populatzione,,bauladu,,,
posizioni,n,positzione,,bauladu,,,
possibilità,n,possibilidade,,bauladu,,,
posta,nadj,posta,,bauladu,,,
predisposto,adj,predispostu,,bauladu,,,
prelievu,adj,prelevamentu,,bauladu,,,
preliminare,adj,preliminare,,bauladu,,,
presentazione,n,presentada,,bauladu,,,
presunto,adj,presumidu,,bauladu,,,
presupposto,nadj,presupostu,,bauladu,,,
preventivo,nadj,preventivu,,bauladu,,,
previdenza,n,previdèntzia,,bauladu,,,
primu,nadj,primu,,bauladu,,,
principale,nadj,printzipale,,bauladu,,,
prioritario,adj,prioritàriu,,bauladu,,,
problematica,n,problemàtica,,bauladu,,,
produttivo,adj,produtivu,,bauladu,,,
profilo,n,profilu,,bauladu,,,
progetto,n,progetu,,bauladu,,,
programmatore,n,programmadore,,bauladu,,,
programmatorio,adj,programmatòriu,,bauladu,,,
prosecuzione,n,sighidura,,bauladu,,,
protocollo,n,protocollu,,bauladu,,,
pubblicata,adj,publicada,,bauladu,,,
qualitativo,adj,calidativu,,bauladu,,,
quantificato,adj,cantificadu,,bauladu,,,
quantificazione,adj,cantificatzione,,bauladu,,,
quota,n,cuota,,bauladu,,,
rappresentativo,adj,rapresentativu,,bauladu,,,
rappresentàntzia,n,rapresentàntzia,,bauladu,,xxx,ERROR
rata,n,rata,,bauladu,,,
realizzato,adj,realizadu,,bauladu,,,
realizzare,vblex,realizare,,bauladu,,,
richiedere,vblex,rechèrrere,,bauladu,,,
riconosciuto,adj,reconnotu,,bauladu,,,
requisito,n,recuisitu,,bauladu,,,
riduzione,n,reduida,,bauladu,,,
ridurre,vblex,reduire,,bauladu,,,
rendere,vblex,rèndere,,bauladu,,,
regime,n,regime,,bauladu,,,
registrato,adj,registradu,,bauladu,,,
recitare,vblex,resare,,bauladu,,,
responsabilità,n,responsabilidade,,bauladu,,,
responsabili,nadj,responsàbile,,bauladu,,,
restante,nadj,restu,,bauladu,,,
residuo,adj,resìduu,,bauladu,,,
ricevuta,nadj,retzida,,bauladu,,,
ricavo,n,ricavu,,bauladu,,,
richiamato,adj,richiamadu,,bauladu,,,
riduzione,n,ridutzione,,bauladu,,,
riguardare,vblex,riguardare,,bauladu,,,
rilevato,adj,rilevadu,,bauladu,,,
risorsa,n,risursa,,bauladu,,,
rivelare,vblex,iscobiare,,bauladu,,,
strada,n,ruga,,bauladu,,,
reddito,n,rèditu,,bauladu,,,
Salaris,np,Salaris,,bauladu,,,
saldo,n,saldu,,bauladu,,,
salvaguardia,n,salvaguàrdia,,bauladu,,,
sanitario,adj,sanitàriu,,bauladu,,,
sanzionato,adj,santzionadu,,bauladu,,,
sanzione,n,santzione,,bauladu,,,
scelta,n,sebestu,,bauladu,,,
secondo,nadj,segundo,,bauladu,,,
semplificazione,n,semplificatzione,,bauladu,,,
senso,n,sentidu,,bauladu,,,
chiusa, chiusura,nadj,serrada,,bauladu,,
cessamento,n,sessamentu,,bauladu,,,
sezione,n,setzione,,bauladu,,,
sindacale,adj,sindacale,,bauladu,,,
singolare,adj,singulare,,bauladu,,,
situato,adj,sitadu,,bauladu,,,
situazione,n,situatzione,,bauladu,,,
soluzione,n,solutzione,,bauladu,,,
sopracitata,adj,subranumenada,,bauladu,,,
sopravvenuto,adj,subravènnidu,,bauladu,,,
sostenere,vblex,sustènnere,,bauladu,,,
socio,n,sòtziu,,bauladu,,,
tabella,n,tabella,,bauladu,,,
tardo,adj,tardu,,bauladu,,,
tasso,n,tassu,,bauladu,,,
tecnologico,adj,tecnològicu,,bauladu,,,
temporale,adj,temporale,,bauladu,,,
tenuto,adj,tentu,,bauladu,,,
spettante,nadj,ispetante,,bauladu,,,
territoriale,adj,territoriale,,bauladu,,,
tesoro,n,tesoro,,bauladu,,,
tecnologia,n,tipologia,,bauladu,,,
titolare,n,titulare,,bauladu,,,
stazione,n,istatzione,,bauladu,,,
tornato,adj,torradu ,,bauladu,,,
restituzione,n,torradura,,bauladu,,,
trama,n,trama,,bauladu,,,
turismo,n,turismu,,bauladu,,,
censo,n,tzensu,,bauladu,,,
cessare,vblex,tzessare,,bauladu,,,
ciclo,n,tziclu,,bauladu,,,
cittadino,n,tzitadinu,,bauladu,,,
civile,n,tzivile,,bauladu,,,
suscettibile,adj,suscetìbile,,bauladu,,,
tariffario,adj,tarifàriu,,bauladu,,,
ubicato,adj,assetiadu,,bauladu,,,
ubicazione,n,assètiu,m,bauladu,,,
ufficiali,nadj,ufitziale,,bauladu,,,
uguale,nadj,uguale,,bauladu,,,
ulteriore,adj,ulteriore,,bauladu,,,
umano,nadj,umanu,,bauladu,,,
unitario,adj,unitàriu,,bauladu,,,
universitaria,adj,universitària,,bauladu,,,
urbanistico,adj,urbanìsticu,,bauladu,,,
uscita,n,uscita,,bauladu,,,
utilizzato,adj,impreadu,,bauladu,,,
utilizzatore,nadj,impitadore,,bauladu,,,
valido,adj,validu,,bauladu,,,
valore,n,valore,,bauladu,,,
valutazione,n,valutatzione,,bauladu,,,
versamento,n,versada,f,bauladu,,,
viabilità,n,viabilidade,,bauladu,,,
vigilanza,n,vigilàntzia,,bauladu,,,
vinculato,n,vinculadu,,bauladu,,,
virtù,n,virtude,,bauladu,,,
vittoria,n,vitòria,,bauladu,,,
valido,adj,vàlidu,,bauladu,,,
altro,adj,àteru,,bauladu,,xxx,
atteso,adj,abetadu,,bauladu,,,
abitativa,adj,abitativa,,bauladu,,,
abitativo,n,abitativu,,bauladu,,,
abitualmente,adv,abitualmente,,bauladu,,,
Abramo,ant,Abramu,,bauladu,,,
accantonato,adj,angronadu,,bauladu,,,
accatastato,adj,acatastadu,,bauladu,,,
accelerare,vblex,atzelerare,,bauladu,,,
accensione,n,allughidura,,bauladu,,,
accertamento,n,atzertamentu,,bauladu,,,
accordo,n,acordu,,bauladu,,,
accompagnato,adj,acumpangiadu,,bauladu,,,
adattamento,n,adatamentu,,bauladu,,,
icontro,n,addòbiu,,bauladu,,,
adeguato,adj,adeguadu,,bauladu,,,
aderente,adj,aderente,,bauladu,,,
adibito,adj,destinadu,,bauladu,,,
affissione,n,afissione,,bauladu,,,
rafforzato,adj,afortigadu,,bauladu,,,
aggiornato,adj,agiornadu,,bauladu,,,
aiuto,n,agiudu,,bauladu,,,
aggregato,n,agregadu,,bauladu,,,
aggregazione,n,agregatzione,,bauladu,,,
agricoltura,n,agricultura,,bauladu,,,
agroalimentare,adj,agroalimentare,,bauladu,,,
agrosilvo,adj,agrosilvo,,bauladu,,,
agricolo,adj,agrìculu,,bauladu,,,
perequativo,adj,agualadore,,bauladu,,,
ripianato,adj,agualadu,,bauladu,,,
ripianare,adj,agualare,,bauladu,,,
alienazione,n,alienatzione,,bauladu,,,
alimentazione,n,alimentatzione,,bauladu,,,
allegare,vblex,allegare,,bauladu,,,
allegato,adj,allegadu,,bauladu,,,
allestimento,n,allestimentu,,bauladu,,,
locatario,n,allogaderi,,bauladu,,,
alloggio,n,allògiu,,bauladu,,,
alunno,n,alunnu,,bauladu,,,
altamente,adv,altamente,,bauladu,,,
ammesso,adj,ammesso,,bauladu,,,
amministrativo,adj,amministrativu,,bauladu,,,
ammontare,vblex,ammontare,,bauladu,,,
ammortamento,n,ammortamentu,,bauladu,,,
predisposizione,n,ammàniu,m,bauladu,,,
ammesso,adj,ammìtidu,,bauladu,,,
sostenuto,adj,amparadu,,bauladu,,,
Angioy,np,Angioy,,bauladu,,,
anagraficamente,adv,anagraficamente,,bauladu,,,
anagrafico,adj,anagràficu,,bauladu,,,
andamento,n,àndala,f,bauladu,,,
rilievo,n,annotu,,bauladu,,,
anticipato,n,antitzipadu,,bauladu,,,
anziano,nadj,antzianu,,bauladu,,,
appalto,n,apaltu,,bauladu,,,
apparato,n,aparatu,,bauladu,,,
appartenenza,n,apartenèntzia,,bauladu,,,
applicare,vblex,aplicare,,bauladu,,,
applicabile,adj,aplicàbile,,bauladu,,,
apposito,adj,apòsitu,,bauladu,,,
archeologico,adj,archeològicu,,bauladu,,,
architettonico,adj,architetònicu,,bauladu,,,
archivio,n,archìviu,,bauladu,,,
arco,n,arcu,,bauladu,,,
aria,n,aria,,bauladu,,,
armato,adj,armadu,,bauladu,,,
armonizzazione,n,armonizatzione,,bauladu,,,
rischio,n,arriscu,,bauladu,,,
arte,n,arte,,bauladu,,,
articolato,adj,articuladu,,bauladu,,,
artigianale,adj,artesanale,,bauladu,,,
artigianato,n,artesania,f,bauladu,,,
artisticu,adj,artìsticu,,bauladu,,,
artìculu,n,articulo,,bauladu,,,
assegnata,adj,assignadu,,bauladu,,,
assegnatario,n,assignatàriu,,bauladu,,,
assemblea,n,assemblea,,bauladu,,,
assestamento,n,assentu,,bauladu,,,
assimilato,n,assimiladu,,bauladu,,,
associazionismo,n,assotziatzionismu,,bauladu,,,
assoggettato,adj,assugetadu,,bauladu,,,
assunto,adj,assumidu,,bauladu,,,
asta,n,asta,,bauladu,,,
attenzione,n,atentzione,,bauladu,,,
attestazione,n,atestatzione,,bauladu,,,
attivato,adj,ativadu,,bauladu,,,
attribuito,adj,atribuidu,,bauladu,,,
attuale,adj,atuale,,bauladu,,,
attuativo,adj,atuativo,,bauladu,,,
accelerare,vblex,atzelerare,,bauladu,,,
accertare,vblex,atzertare,,bauladu,,,
accesso,n,atzessu,,bauladu,,,
azione,n,atzione,,bauladu,,,
aumentu,n,aumentu,,bauladu,,,
ausiliare,nadj,ausiliare,,bauladu,,,
atto,n,àutu,,bauladu,,,
autonomo,adj,autònomu,,bauladu,,,
verificato,adj,averguadu,,bauladu,,,
verificare,vblex,averguare,,bauladu,,,
verifica,n,averiguada,,bauladu,,,
avvio,n,aviu,,bauladu,,,
banca,n,banca,,bauladu,,,
bando,n,bandu,,bauladu,,,
Barbara,ant,Barbara,,bauladu,,,
balore,n,balore,,bauladu,,,
benzina,n,benzina,,bauladu,,,
Bernasconi,np,Bernasconi,,bauladu,,,
riversato,adj,bessadu,,bauladu,,,
biennale,adj,biennale,,bauladu,,,
bilingue,n,billete,,bauladu,,,
bilingue,nadj,bilìngue,,bauladu,,,
venti,nadj,binti,,bauladu,,,
sogno, parere,n,bisu,,bauladu,,
Bolzano,top,Boltzanu,,bauladu,,,
Bonarcado,top,Bonàrcadu,,bauladu,,,
bolletta,n,bulleta,,bauladu,,,
bollettino,n,bulletinu,,bauladu,,,
burocratico,adj,burocràticu,,bauladu,,,
calcolarsi,n,bursa,,bauladu,,,
valere,vblex,bàlere,,bauladu,,,
valido,adj,bàlidu,,bauladu,,,
carico,adj,bàriu,,bauladu,,,
vendita,n,bèndida,,bauladu,,,
sedia,n,cadira,,bauladu,,,
calare,n,calare,,bauladu,,,
caminu,n,caminu,,bauladu,,,
campagna,n,campagna,,bauladu,,,
campo,n,campu ,,bauladu,,,
cimitero,n,campusantu,,bauladu,,,
quando,n,cando,,bauladu,,,
quantità,n,cantidade,,bauladu,,,
accantonato,adj,cantonadu,,bauladu,,,
accantonato,n,cantonamentu,,bauladu,,,
cancellazione,n,cantzelladura,,bauladu,,,
contenuto,adj,capidu,,bauladu,,,
caratteristica,n,caraterìstica,,bauladu,,,
carburante,n,carburante,,bauladu,,,
caria,n,caria,,bauladu,,,
carriera,n,carriera,,bauladu,,,
cartellonistica,n,cartellonistica,,bauladu,,,
carattere,n,caràtere,,bauladu,,,
cassa,n,cassa,,bauladu,,,
Cagliari,top,Casteddu,,bauladu,,,
catastale,adj,catastale,,bauladu,,,
catalogazione,n,catalogatzione,,bauladu,,,
causare,vblex,causare,,bauladu,,,
ceduto,adj,tzèdidu,,bauladu,,,
settimana,n,chida,,bauladu,,,
chilometro,n,chilòmetru,,bauladu,,,
centrale,nadj,tzentrale,,bauladu,,,
certificazione,n,tzertificatzione,,bauladu,,,
cessato,adj,tzessadu,,bauladu,,,
classe,n,classe,,bauladu,,,
classificato,adj,classificadu,,bauladu,,,
classificazione,n,classificazione,,bauladu,,,
riscossione,n,coberamentu,m,bauladu,,,
coperto,adj,cobertu,,bauladu,,,
cibo,n,màndigu,,bauladu,,,
coincidere,vblex,cointzìdere,,bauladu,,,
collaboratore,n,collaboradore,,bauladu,,,
collocamento,n,collocamentu,,bauladu,,,
combinato,adj,combinato,,bauladu,,,
commerciale,adj,commerciale,,bauladu,,,
inizio,n,comintzu,,bauladu,,,
comodante,adj,comodante,,bauladu,,,
comodatario,adj,comodatàriu,,bauladu,,,
computo,n,compudu,,bauladu,,,
concluso,adj,concruidu,,bauladu,,,
connesso,adj,connètidu,,bauladu,,,
consecutivo,adj,consecutivu,,bauladu,,,
CONSOB,acr,CONSOB,,bauladu,,,
consolidato,adj,consolidadu,,bauladu,,,
consultazione,n,consultatzione,,bauladu,,,
consulenza,n,consulèntzia,,bauladu,,,
consumo,n,consumu,,bauladu,,,
contato,adj,contadu,,bauladu,,,
contare,vblex,contare,,bauladu,,,
continuato,adj,continuadu,,bauladu,,,
contabile,adj,contàbile,,bauladu,,,
concessionario,nadj,cuntzessionàriu,,bauladu,,,
contribuente,n,contribuente,,bauladu,,,
contributo,n,contributu,,bauladu,,,
controllato,n,controlladu,,bauladu,,,
cooperazione,n,cooperatzione,,bauladu,,,
coordinato,adj,coordinadu,,bauladu,,,
corpus,n,corpus,,bauladu,,,
conflitto,n,cuntierra,f,bauladu,,,
congegnio,n,trastu,,bauladu,,,
costituzionale,adj,costitutzionale,,bauladu,,,
costruttrice,adj,costruidora,,bauladu,,,
chiarire,vblex,crarire,,bauladu,,,
connettività,n,connettività,,bauladu,,,
aumento,nadj,crèschida,,bauladu,,,
creduto,nadj,crètidu,,bauladu,,,
quadro,n,cuadru,,bauladu,,,
qualificato,adj,cualificadu,,bauladu,,,
qualificare,vblex,cualificare,,bauladu,,,
quantificato,adj,cuantificadu,,bauladu,,,
quantificare,vblex,cuantificare,,bauladu,,,
quantificazione,n,cuantificatzione,,bauladu,,,
riscosso,adj,cuberadu,,bauladu,,,
cultura,n,cultura,,bauladu,,,
culturale,adj,culturale,,bauladu,,,
combinato,adj,cumbinadu,,bauladu,,,
commerciale,adj,cummertziale,,bauladu,,,
commissione,n,cummissione,,bauladu,,,
complessivo,adj,cumplessivos,,bauladu,,,
consultazione,n,consultatzione,,bauladu,,,
complesso,n,cumplessu,,bauladu,,,
completare,vblex,cumpletare,,bauladu,,,
composto,adj,cumpostu,,bauladu,,,
comprensivo,adj,cumprensivu,,bauladu,,,
compreso,adj,cumpresos,,bauladu,,,
contestuale,adj,cuntestuale,,bauladu,,,
cumpridu,nadj,cumpridu,,bauladu,,,
verificato,adj,cumproadu,,bauladu,,,
compreso,adj,cumprèndidu,,bauladu,,,
concordato,adj,cuncordadu,,bauladu,,,
concorrenza,n,cuncurrèntzia,,bauladu,,,
conferito,adj,cunferidu,,bauladu,,,
conferire,vblex,cunferire,,bauladu,,,
confermativo,adj,cunfermativu,,bauladu,,,
coordinata,nadj,coordinata,,bauladu,,,
conformità,n,cunformidade,,bauladu,,,
consentito,adj,cunsentidu,,bauladu,,,
considerare,vblex,cunsiderare,,bauladu,,,
considerazione,n,cunsideru,m,bauladu,,,
conseguito,n,cunsighidu,,bauladu,,,
consequenza,n,cunsighèntzia,,bauladu,,,
consorziato,adj,cunsortziadu,,bauladu,,,
consorzio,n,cunsòrtziu,,bauladu,,,
contemplato,adj,cuntempladu,,bauladu,,,
contemporaneo,adj,cuntemporàneu,,bauladu,,,
contenere,vblex,cuntènnere,,bauladu,,,
cultura,n,cultura,,bauladu,,,
culturale,adj,culturale,,bauladu,,,
contestuale,adj,cuntestuale,,bauladu,,,
contribuente,nadj,cuntribuente,,bauladu,,,
concessione,n,cuntzessione,,bauladu,,,
concessionario,nadj,cuntzessionàriu,,bauladu,,,
concesso,adj,cuntzèdidu,,bauladu,,,
conversione,n,cunversione,,bauladu,,,
quotazione,n,cuotatzione,,bauladu,,,
correlato,adj,curreladu,,bauladu,,,
definite,adj,definidu,,bauladu,,,
definizione,n,definizione,,bauladu,,,
correttezza,n,curretesa,,bauladu,,,
democrazia,n,democratzia,,bauladu,,,
demograficu,adj,demogràficu,,bauladu,,,
denominadu,adj,denominato,,bauladu,,,
consiglio,n,cussìgiu,,bauladu,,,
descritto,n,descritu,,bauladu,,,
descrivere,vblex,descrìere,,bauladu,,,
codice,n,còdighe,,bauladu,,,
Cuglieri,np,Cùglieri,,bauladu,,,
detenibilità,n,detenibilidade,,bauladu,,,
dato,n,datu,,bauladu,,,
dichiarativo,adj,decrarativu,,bauladu,,,
dichiarare,vblex,decrarare,,bauladu,,,
dichiarazione,n,decraru,m,bauladu,,,
decreto,n,decreto,,bauladu,,,
decorso,vblex,decùrridu,,bauladu,,,
definito,adj,definidu,,bauladu,,,
dichiarare,vblex,decrare,,bauladu,,,
detenibilità,n,detenibilidade,,bauladu,,,
detenzione,n,detentzione,,bauladu,,,
determinazione,n,determinu,,bauladu,,,
De Turre,np,De Turre,,bauladu,,,
dettaglio,n,detàlliu,,bauladu,,,
detenere,vblex,detènnere,,bauladu,,,
didattico,nadj,didàticu,,bauladu,,,
dibattuto,adj,dibàtidu,,bauladu,,,
didattica,n,didàtica,,bauladu,,,
differenziato,adj,diferentziadu,,bauladu,,,
differenziale,adj,diferentziale,,bauladu,,,
differenziare,vblex,diferentziare,,bauladu,,,
differito,adj,diferidu,,bauladu,,,
differenza,n,diferèntzia,,bauladu,,,
digitale,adj,digitale,,bauladu,,,
domanda,n,dimanda,,bauladu,,,
discarica,n,muntonàrgiu,m,bauladu,,,
dipendenza,n,dipendèntzia,,bauladu,,,
direttiva,n,diretiva,,bauladu,,,
diretto,adj,deretu,,bauladu,,,
direzione,n,diretzione,,bauladu,,,
dirigente,nadj,dirigente,,bauladu,,,
diretto,adj,dirìgidu,,bauladu,,,
disciplinato,adj,disciplinadu,,bauladu,,,
disciplinare,vblex,disciplinare,,bauladu,,,
discusso,adj,discutidu,,bauladu,,,
disinstallazione,n,disinstallatzione,,bauladu,,,
disporre,vblex,dispònere,,bauladu,,,
diversamente,adv,diversamente,,bauladu,,,
distinto,adj,distintu,,bauladu,,,
donato,adj,donadu,,bauladu,,,
DPCM,acr,DPCM,,bauladu,acr,,
DSE,acr,DSE,,bauladu,,,
duplicazione,n,duplicatzione,f,bauladu,,,
durata,nadj,durada,,bauladu,,,
eccedere,vblex,etzedire,,bauladu,,,
eccezionale,adj,desempradu,,bauladu,,,
eccezioni,n,etzetzione ,,bauladu,,,
economico,adj,econòmicu,,bauladu,,,
ect,abbrev,ect,,bauladu,,,
equivalente,adj,ecuivalente,,bauladu,,,
edilizio,adj,edilìtziu,,bauladu,,,
efficace,adj,eficatze,,bauladu,,,
elaborato,adj,elaboradu,,bauladu,,,
elementi,n,elementu,,bauladu,,,
elenco ,n ,elencu ,,bauladu,,,
elettore,nadj,eletore,,bauladu,,,
elezione,n,eletzione,,bauladu,,,
elevazione,n,elevatzione,,bauladu,,,
eliberazione,n,eliberatzione,,bauladu,,,
eliminato,adj,eliminadu,,bauladu,,,
email,n,email,,bauladu,,,
emanato,adj,emanadu,,bauladu,,,
emanare,vblex,emanare,,bauladu,,,
Emanuele,ant,Emanuele,,bauladu,,,
enfiteusi,n,enfiteusi,,bauladu,,,
Ennio,ant,Ennio,,bauladu,,,
entità,n,entidade,,bauladu,,,
entrambi,n.pl,ambos,n.pl,bauladu,xxx,,
equiparato,adj,equiparato,,bauladu,,,
equivalente,adj,equivalente,,bauladu,,,
erariale,adj,erariale,,bauladu,,,
erogato,adj,erogadu,,bauladu,,,
erogate,vblex,erogare,,bauladu,,,
errore,n,faddina,f,bauladu,,,
esaminata,adj,esaminada,,bauladu,,,
esaurito,adj,esclusivu,,bauladu,,,
esentato,adj,esentadu,,bauladu,,,
esaustivo,adj,completu,,bauladu,,,
esclusiva,adj,esclusivu,,bauladu,,,
esercitato,adj,esertzitadu,,bauladu,,,
esiguità,n,iscàssia,,bauladu,,,
esperienza,n,esperièntzia,,bauladu,,,
esperto,nadj,espertu,,bauladu,,,
esposte,adj,esposta,,bauladu,,,
espresso,adj,espressadu,,bauladu,,,
espressione,n,espressada,,bauladu,,,
esprimere,vblex,espresare,,bauladu,,,
esterno,nadj,esternu,,bauladu,,,
eccezionale,adj,etzetzionale,,bauladu,,,
eccedere,vblex,etzèdere,,bauladu,,,
evento,n,eventu,,bauladu,,,
evidenziato,adj,evidentziadu,,bauladu,,,
fabbricato,nadj,fabbricadu,,bauladu,,,
facoltà,n,facultade,,bauladu,,,
fabbisogno,n,abastu,,bauladu,,,
fabbricabili,adj,de fràigu,,bauladu,,,
famiglia,n,famìlia,,bauladu,,,
fascia,n,fasca,,bauladu,,,
favorire,vblex,favorire,,bauladu,,,
fermi,nadj,firmu,,bauladu,,,
favorevole,nadj,favorèvole,,bauladu,,,
festa,n,festa,,bauladu,,,
filo,n,filu,,bauladu,,,
finalità,n,finalidade,,bauladu,,,
finanziato,adj,finantziadu,,bauladu,,,
finanziare,vblex,finantziare,,bauladu,,,
completamento,n,finidura,f,bauladu,,,
fine,adj,finu,,bauladu,,,
fintanto,conj,in s'interi,,bauladu,,,
fiscale,adj,fiscale,,bauladu,,,
fissare,vblex,fissare,,bauladu,,,
fondiario,adj,fondiàriu,,bauladu,,,
forestazione,n,forestatzione,,bauladu,,,
forfettario,adj,forfetàriu,,bauladu,,,
formalmente,adv,formalmente,,bauladu,,,
formativo,adj,formativu,,bauladu,,,
rifoderazione,n,forradura,,bauladu,,,
fondiario,adj,fondiàriu,,bauladu,,,
format,n,format,,bauladu,,,
formula,n,fòrmula,,bauladu,,,
fornitura,n,frunidura,,bauladu,,,
fondare,vblex,fundare,,bauladu,,,
fondazione,n,fundatzione,,bauladu,,,
funzionalità,n,funtzionalidade,,bauladu,,,
funzione,n,funtzione,,bauladu,,,
giroconto,n,furriacontu,,bauladu,,,
garantiti,adj,garantidu,,bauladu,,,
Garau,cog,Garau,,bauladu,,,
Gaspari,ant,Gaspari,,bauladu,,,
generare,vblex,generare,,bauladu,,,
geografico,adj,geogràficu,,bauladu,,,
gestito,adj,gestidu,,bauladu,,,
guida,n,ghia,,bauladu,,,
giovanile,adj,de giòvanos,,bauladu,,,
giuridico,adj,giurìdicu,,bauladu,,,
giustificazione,n,giustificatzione,,bauladu,,,
condurre,vblex,giùghere,,bauladu,,,
grafico,nadj,gràficu,,bauladu,,,
gratuitamente,adv,de badas,,bauladu,,,
HTTP,acr,HTTP,,bauladu,,,
IACP,acr,IACP,,bauladu,,,
illegittimo,adj,illegìtimu,,bauladu,,,
illustrato,adj,illustrados,,bauladu,,,
illecito,nadj,illètzitu,,bauladu,,,
idrico,adj,ìdricu,,bauladu,,,
inviato,adj,imbiadu,,bauladu,,,
immateriale,adj,immateriale,,bauladu,,,
insieme,adv,impare,,bauladu,,,
impianto,n,impiantu,,bauladu,,,
impegnato,adj,impinnadu,,bauladu,,,
imponibile,nadj,imponìbile,,bauladu,,,
importo,n,importu,,bauladu,,,
impositivo,adj,impositivu,,bauladu,,,
impossibile,nadj,impossìbile,,bauladu,,,
imposto,adj,impostu,,bauladu,,,
impreadu,adj,impreadu,,bauladu,,,
imputabile,adj,imputàbile,,bauladu,,,
inattività,n,inatividade,,bauladu,,,
incaricato,adj,incarrigadu,,bauladu,,,
includere,vblex,inclùere,,bauladu,,,
incluso,adj,incluidu,,bauladu,,,
incompiuto,adj,incumpridu,,bauladu,,,
inquinamento,n,incuinamentu,,bauladu,,,
indebitamento,n,indepidamentu,,bauladu,,,
indicativo,n,indicativu,,bauladu,,,
indipendente,nadj,indipendente,,bauladu,,,
indiretto,adj,indiretu,,bauladu,,,
individuadu,adj,individuadu,,bauladu,,,
individuale,adj,individuale,,bauladu,,,
individuare,vblex,individuare,,bauladu,,,
industria,n,indùstria,,bauladu,,,
inferiore,adj,inferiore,,bauladu,,,
informatizzato,adj,informatizadu,,bauladu,,,
informativo,n,informativu,,bauladu,,,
inizio,n,inghitzu,,bauladu,,,
inizialmente,n,a sa prima,,bauladu,,,
inserito,adj,insertadu,,bauladu,,,
installazione,n,installatzione,,bauladu,,,
intavolazione,n,intavolatzione,,bauladu,,,
integrante,nadj,integrante,,bauladu,,,
integrare,vblex,integrare,,bauladu,,,
integrazione,n,integratzione,,bauladu,,,
interessato,adj,interessadu,,bauladu,,,
intervallo,n,discansu,,bauladu,,,
intestato,n,interessamentu,,bauladu,,,
introdotto,adj,introduidu,,bauladu,,,
introito,n,intròitu,,bauladu,,,
incentivo,n,intzentivu,,bauladu,,,
inusucapibile,adj,inusucapìbile,,bauladu,,,
irregolarità,n,irregularidade,,bauladu,,,
scadere,vblex,iscadire,,bauladu,,,
scadenza,n,iscadèntzia,,bauladu,,,
scavo,n,iscavu,,bauladu,,,
istanze,n,istanza,,bauladu,,,
scontro,n,iscòrriu,,bauladu,,,
disabilità,n,isentimentu,,bauladu,,,
IVA,acr,IVA,,bauladu,,,
KA,acr,KA,,bauladu,,,
KG,acr,KG,,bauladu,,,
legislatore,nadj,legisladore,,bauladu,,,
staccato,adj,istagiadu,,bauladu,,,
liberi,adj,lìberu,,bauladu,,,
stanziato,adj,istantziadu,,bauladu,,,
allontanare,vblex,istesiare,,bauladu,,,
stipulato,adj,istipuladu,,bauladu,,,
stipulare,vblex,istipulare,,bauladu,,,
stipulazione,n,istipulatzione,,bauladu,,,
istituzione,n,istitutzione,,bauladu,,,
stradale,adj,istradale,,bauladu,,,
strategico,adj,istratègico,,bauladu,,,
istruito,adj,istruidu,,bauladu,,,
strumentazione,n,istrumentatzione,,bauladu,,,
sbucare,vblex,istupare,,bauladu,,,
stabile,adj,istàbile,,bauladu,,,
svantaggio,n,isvantàgiu,,bauladu,,,
link,n,ligàmene,,bauladu,,,
liquidato,adj,licuidadu,,bauladu,,,
liquidità,n,licuidade,,bauladu,,,
lista,n,lista,,bauladu,,,
lato,n,ladu,,bauladu,,,
livello,n,livellu,,bauladu,,,
locatario,n,allogaderi,,bauladu,,,
loculi,n,lòculu,,bauladu,,,
Lombardia,top,Lombardia,,bauladu,,,
litro,n,litru,,bauladu,,,
macchinario,n,machinàriu,,bauladu,,,
macchina,n,màchina,,bauladu,,,
maturato,adj,maduradu,,bauladu,,,
mancato,adj,mancato,,bauladu,,,
mancanza,n,mancàntzia,,bauladu,,,
materiale,nadj,materiale,,bauladu,,,
misurato,adj,medidu,,bauladu,,,
padrone,n,mere,,bauladu,,,
meno,n,mancu,,bauladu,,,
mesania,n,mesania,,bauladu,,,
sopratutto,adv,mescamente,,bauladu,,,
mestiere,n,mestieri,,bauladu,,,
mezzo,adj,mesu,,bauladu,,,
mezzo,n,mezu,,bauladu,,,
Milis,top,Milis,,bauladu,,xxx,VERIFY
militare,nadj,militare,,bauladu,,,
milione,n,millione,,bauladu,,,
misurazione,n,misuratzione,,bauladu,,,
MIT,acr,MIT,,bauladu,,,
mobilità,n,mobilidade,,bauladu,,,
modalità,n,modalidade,,bauladu,,,
modello,n,modellu,,bauladu,,,
modificabile,adj,modificàbile,,bauladu,,,
montano,adj,montanu,,bauladu,,,
monumento,n,monumentu,,bauladu,,,
motivazione,n,motivatzione,,bauladu,,,
mutato,adj,mudadu,,bauladu,,,
mutabile,adj,mudàbile,,bauladu,,,
spazzatura,n,mundadura,,bauladu,,,
Murruzzu,cog,Murruzzu,,bauladu,,,
cibo,n,màndigu,,bauladu,,,
metodo,n,mètodu,,bauladu,,,
mutuo,n,mùtuu,,bauladu,,,
naturale,adj,naturale,,bauladu,,,
naturalistico,adj,naturalìsticu,,bauladu,,,
necessario,adj,netzessàriu,,bauladu,,,
necroscopico,adj,necroscòpicu,,bauladu,,,
negativo,adj,negativu,,bauladu,,,
nido,n,nidu,,bauladu,,,
normalizzato,adj,normalizadu,,bauladu,,,
normativa,n,normativa,,bauladu,,,
normativo,adj,normativu,,bauladu,,,
nota,n,nota,,bauladu,,,
notevole,adj,notèvole,,bauladu,,,
NU,acr,NU,,bauladu,,,
nascita,n,nàschida,,bauladu,,,
neutro,nadj,nèutru,,bauladu,,,
noto,adj,nòdidu,,bauladu,,,
obbligazione,n,obligatzione,,bauladu,,,
obbligazionario,adj,obligatzionàriu,,bauladu,,,
occupato,adj,ocupadu,,bauladu,,,
oggettiva,adj,ogetivu,,bauladu,,,
collaudo,n,collàudu,,bauladu,,,
omogeneo,adj,omogèneu,,bauladu,,,
operaio,n,operaju,,bauladu,,,
operazione,n,operatzione,,bauladu,,,
opportunità,n,oportunidade,,bauladu,,,
ora,n,ora,,bauladu,,,
ordinaria,adj,ordinàriu,,bauladu,,,
organizzativo,adj,organizativu,,bauladu,,,
originario,adj,originàriu,,bauladu,,,
orizzonte,n,orizonte,,bauladu,,,
osservazione,n,osservatzione,,bauladu,,,
osservanza,n,osservàntzia,,bauladu,,,
ottanta,nadj,otanta,,bauladu,,,
ottenere,vblex,otènnere,,bauladu,,,
Ovodda,top,Ovodda,,bauladu,,,
PA ,acr,PA ,,bauladu,,,
paesaggistico,adj,paesagìsticu,,bauladu,,,
pagato,adj,pagadu,,bauladu,,,
pagamento,n,pagamentu,,bauladu,,,
pagare,vblex,pagare,,bauladu,,,
paragrafo,n,paràgrafu,,bauladu,,,
parchi,n,parcu,,bauladu,,,
parente,n,parente,,bauladu,,,
partecipativa,adj,partetzipativa,,bauladu,,xxx,VERIFY
parziale,adj,partziale,,bauladu,,,
PDC,acr,PDC,,bauladu,,,
pec,acr,pec,,bauladu,,,
pecuniaria,adj,pecuniària,,bauladu,,,
pensionato,nadj,pensionadu,,bauladu,,,
perequativu,adj,perequativu,,bauladu,,,
perequazione,n,percuatzione,,bauladu,,,
performance,n,prestatzione,,bauladu,,,
periodicamente,adv,periodicamente,,bauladu,,,
permanere,vblex,permanentare,,bauladu,,,
pertinente,adj,pertinente,,bauladu,,,
pertinenziale,adj,pertinentziale,,bauladu,,,
peso,n,pesu,,bauladu,,,
pianificazione,n,pianificatzione,,bauladu,,,
pianta,f,fundu,m,bauladu,,,
piazza,n,pratza,,bauladu,,,
piazzetta,n,pratzighedda,,bauladu,,,
pinna,n,pinna,,bauladu,,,
pesca,n,pisca,,bauladu,,,
Pistolesi,cog,Pistolesi,,bauladu,,,
PMI,acr,PMI,,bauladu,,,
politico,adj,polìticu,,bauladu,,,
pompiere,n,pompieri,,bauladu,,,
popolare,adj,populare,,bauladu,,,
POR,acr,POR,,bauladu,,,
positivo,adj,positivu,,bauladu,,,
postale,adj,postale,,bauladu,,,
potenzialità,n,potentzialidade,,bauladu,,,
potestà,n,potestade,,bauladu,,,
preconsuntivo,adj,preconsuntivu,,bauladu,,,
precedentemente,adv,in antis,,bauladu,,,
precisamente,adv,de pretzisu,,bauladu,,,
prefettizio,adj,prefetìtziu,,bauladu,,,
pregiudicare,vblex,pregiudicare,,bauladu,,,
preliminare,adj,preliminare,,xxx,,,
premessa,adj,premissa,,xxx,,,
pres,abbrev,pres,,xxx,,,
preso,adj,pigadu,,xxx,,,
prescindere,vblex,prescìndere,,xxx,,,
prescolastica,adj,preiscolàsticu,,xxx,,,
presentare,vblex,presentare,,xxx,,,
presentato,adj,presentadu,,xxx,,,
presumibile,adj,presumìbile,,xxx,,,
precisare,vblex,pretzisant,,xxx,,,
previdenziale,adj,previdentziale,,xxx,,,
prevedere,vblex,previdire,,xxx,,,
prevedibile,adj,previdìbile,,xxx,,,
preventivo,nadj,preventivu,,xxx,,,
preventivamente,adj,a manera preventiva,,xxx,,,
privato,adj,privadu,,xxx,,,
privo,adj,privo,,xxx,,,
proceduto,adj,protzèdidu,,xxx,,,
processo,n,protzessu,,xxx,,,
prodotto,adj,produidu,,,,,
prodotto,n,produtu,,xxx,,,
produrre,vblex,produire,,xxx,,,
produttivo,adj,produtivu,,xxx,,,
produttività,n,produtividade,,xxx,,,
professionalità,n,professionalidade,,xxx,,,
professionista,nadj,professionista,,xxx,,,
progettazione,n,progetatzione,,xxx,,,
progettuale,adj,progetuales,,xxx,,,
programmare,vblex,programmare,,xxx,,,
programmato,adj,programmadu,,xxx,,,
programmatico,adj,programmàticu,,xxx,,,
proibizione,n,proibitzione,,xxx,,,
promozione,n,promotzione,,xxx,,,
pronunciare,vblex,pronuntziare,,xxx,,,
proporre,vblex,propònere,,xxx,,,
proporzionale,nadj,proportzionale ,,xxx,,,
proposto,adj,propostu,,xxx,,,
proprietario,n,propietàriu,,xxx,,,
proroga,n,pròroga,,xxx,,,
prorogato,adj,prorogadu,,xxx,,,
prospettare,vblex,prospettare,,xxx,,,
protezione,n,protetzione,,xxx,,,
protocollo,n,protocollu,,xxx,,,
proceduto,adj,protzedidu,,xxx,,,
procedere,vblex,protzèdere,,xxx,,,
prov,abbrev,prov,,xxx,,,
provincia,n,provìntzia,,xxx,,,
provvedere,vblex,providire,,xxx,,,
provveditorato,n,proveditoradu,,xxx,,,
pubblicato,adj,pubblicadu,,xxx,,,
PTFP,acr,PTFP,,xxx,,,
pubblicità,n,publitzidade,,xxx,,,
PUC,acr,PUC,,xxx,,,
pulizia,n,pulitzia,,xxx,,,
punto,nadj,puntu,,xxx,,,
quadro,n,cuadru,,xxx,,,
permuta,n,pèrmuta,,xxx,,,
qualificare,vblex,cualificare,,xxx,,,
qualificato,adj,calificadu,,xxx,,,
qualunque,adj,cale si siat,,xxx,,,
quantificare,vblex,cantificare,,xxx,,,
quarto,nadj,su de bator,,xxx,,,
quello,adj,cuddu,,xxx,,,
qui,prn,inoghe,,xxx,,,
quinquies,adj,quinquies,,xxx,latinismo,,
quinto,nadj,su de chimbe,,xxx,,,
quotazione,n,cuotatziones,,xxx,,,
raccolta,nadj,regollida,,xxx,,,
rag,abbrev,rag,,xxx,,,
raggiungere,vblex,cròmpere,,xxx,,,
raggiungimento,n,crompimentu,,xxx,,,
ragione,n,resone,,xxx,,,
ragionevole,adj,resonile,,xxx,,,
Ramazzotti,cog,Ramazzotti,,xxx,,,
rapportato,adj,rapportato,,xxx,,,
rapporto,n,raportu,,xxx,,,
rappresentante,nadj,rapresentante,,xxx,,,
rappresentare,vblex,rapresentare,,xxx,,,
rappresentato,adj,rapresentadu,,xxx,,,
RAS,acr,RAS,,xxx,,,
ratifica,n,ratìfica,,xxx,,,
realistico,adj,realìsticu,,xxx,,,
realizzare,vblex,realizare,,xxx,,,
richiedere,vblex,rechèrrere,,xxx,,,
richiesta,nadj,recherta,,xxx,,,
richiesto,adj,rechestu,,xxx,,,
reclutamento,n,reclutamentu,,xxx,,,
riconoscenza,n,reconnoschèntzia,,xxx,,,
riconosciuto,n,reconnotu,,xxx,,,
recuperato,adj,recuperadu,,xxx,,,
redigere,vblex,redatare,,xxx,,,
redatto,adj,redatadu,,xxx,,,
registrato,adj,registrato,,xxx,,,
riferito,adj,referidu,,xxx,,,
regolarmente,adv,in règula,,xxx,,,
rendere,vblex,refudos,,xxx,,,
rendicontato,adj,torracontadu,,xxx,,,
rendita,n,rèndida,,xxx,,,
reperire,vblex,buscare,,xxx,,,
repressione,n,reprimidura,,xxx,,,
repubblica,n,repùblica,,xxx,,,
reso,adj,resu ,,xxx,,,
restante,adj,restante,,xxx,,,
rete,n,rete,,xxx,,,
retribuzione,n,retributzione,,xxx,,,
retta,n,reta,,xxx,,,
riassetto,n,sestu,,xxx,,,
riassuntivo,adj,resumidu,,xxx,,,
rispettato,adj,rispetadu,,xxx,,,
rispettare,vblex,rispetare,,xxx,,,
risultare,vblex,resurtare,,xxx,,,
risultanza,n,resurtàntzia,,xxx,,,
riassunto,n,resumu,,xxx,,,
ricevuta,n,retzida,,xxx,,,
ricevere,vblex,retzire,,xxx,,,
ritenere,vblex,retènnere,,xxx,,,
rovescio,n,revesa,f,xxx,,,
ribasso,n,ribassu,,xxx,,,
ricadente,vblex,rutu,,xxx,,,
richiamato,adj,ricramadu,,xxx,,,
ricognitivo,adj,ricognitivu,,xxx,,,
ricoprire,vblex,cobèrrere,,xxx,,,
ricompreso,adj,cumpresu,,xxx,,,
riconosciuto,adj,reconnotu,,xxx,,,
ricorrerre,vblex,recùrrere,,xxx,,,
ricoverato,adj,ricoveradu,,xxx,,,
rideterminazione,n,rideterminatzione,,xxx,,,
riquadro,n,ricuadru,,xxx,,,
ridotto,adj,reduidu,,xxx,,,
rientrare,vblex,ghirare,,,,,
rientrare,vblex,recuire,,xxx,,,
rientrare,vblex,torrare,,xxx,,,
rientrante,nadj,chi torrat,,xxx,,,
riqualificazione,n,ricualificatzione,,xxx,,,
riequilibrio,n,riechilìbriu,,xxx,,,
riuscire,vblex,resessire,,xxx,,,
riferimento,n,riferimento ,,xxx,,,
riferito,adj,riferidu,,xxx,,,
riflesso,n,riflessu,,xxx,,,
riformato,adj,riformadu,,xxx,,,
rifornimento,n,rifornimentu,,xxx,,,
rigenerare,vblex,rigenerare,,xxx,,,
riguardare,vblex,pertocare,,xxx,,,
riguardo ,n,riguardu,,xxx,,,
rilevare,vblex,bogare a campu,,xxx,,,
rilievo,n,remèdiu,,xxx,,,
rimedio,n,rimborsos,,xxx,,,
rinnovo,n,rinnovu,,xxx,,,
rinviare,vblex,rinviare,,xxx,,,
ripartire,,ripristinende,,xxx,,,
ripartiti,,ris,,xxx,,,
ripartito,,,,xxx,,,
riparto,,,,xxx,,,
ripianare,,,,xxx,,,
ripianato,,,,xxx,,,
riportante,,,,xxx,,,
ripristinando,,,,xxx,,,
riquadro,,riservadu,,xxx,,,
riqualificazione,,riservare,,xxx,,,
ris,,riservat,,xxx,,,
rischio,,risolutzione,,xxx,,,
riscontrata,,,,xxx,,,
riservarsi,,,,xxx,,,
riservato,,,,xxx,,,
risiedono,,,,xxx,,,
risoluzione,,,,xxx,,,
rispettando,,,,xxx,,,
rispettare,,,,xxx,,,
,,,,xxx,,,
rispettivamente,,,,xxx,,,
rispettivi,,rispetivos,,xxx,,,
risultano,,ritardos,,xxx,,,
risultanze,,riversamentos,,xxx,,,
risultare,,riversat,,xxx,,,
risultino,,rogramma,,xxx,,,
ritardi,,rup,,xxx,,,
ritenga,,rutos,,xxx,,,
ritornare,,,,xxx,,,
rivalsa,,,,xxx,,,
riversa,,,,xxx,,,
riversamenti,,,,xxx,,,
riversate,,,,xxx,,,
rivolte,,,,xxx,,,
rup,,,,xxx,,,
sa,,,,xxx,,,
salute,,,,xxx,,,
salva,,,,xxx,,,
san,,,,xxx,,,
sanatoria,,,,xxx,,,
sanitari,,,,xxx,,,
sanitaria,,,,xxx,,,
santulussurgiu,,,,xxx,,,
sardo,,,,xxx,,,
sarebbe,,,,xxx,,,
sc,,,,xxx,,,
scadenti,,,,xxx,,,
scadenze,,,,xxx,,,
scavi,,,,xxx,,,
scolastica,,,,xxx,,,
scopo,,,,xxx,,,
scuola,,salude,,xxx,,,
sedie,,sanatòria,,xxx,,,
segreteria,,sanitària,,xxx,,,
seguire,,sant,,xxx,,,
selezionata,,santulussurgiu,,xxx,,,
semplificata,,sardu,,xxx,,,
sempre,,sarva,,xxx,,,
seneghe,,seberada,,xxx,,,
senso,,segreteria,,xxx,,,
sentita,,semper,,xxx,,,
servito,,semplificada,,xxx,,,
sessanta,,sende,,xxx,,,
settimanali,,serbire,,xxx,,,
sidris,,serbit,,xxx,,,
silvo,,serrat,,xxx,,,
similari,,sessadu,,xxx,,,
simonetta,,sessanta,,xxx,,,
singola,,sia,,xxx,,,
singolo,,sidris,,xxx,,,
sinis,,sighent,,xxx,,,
sintetica,,sighentes,,xxx,,,
sistemazione,,sighidu,,xxx,,,
sita,,silvo,,xxx,,,
situati,,simonetta,,xxx,,,
situazione,,sinis,,xxx,,,
soccorso,,sintètica,,xxx,,,
socializzazione,,sitiada,,xxx,,,
societa,,situados,,xxx,,,
societaria,,situatzione,,xxx,,,
societarie,,socio,,xxx,,,
sociosanitari,,sola,,xxx,,,
software,,solidaridade,,xxx,,,
soggetta,,solu,,xxx,,,
soglia,,sommas,,xxx,,,
soli,,sopressione,,xxx,,,
soppresse,,sostenìbile,,xxx,,,
sopraccitato,,sostituire,,xxx,,,
sopravvenienza,,sotzializatzione,,xxx,,,
sopravvenuta,,sotzietària,,xxx,,,
sorte,,sotzietàrias,,xxx,,,
sospensione,,sotzios,,xxx,,,
sostanziali,,ss,,xxx,,,
sostegni,,straullu,,xxx,,,
sostenere,,strumenti,,xxx,,,
sostenersi,,suas,,xxx,,,
sostenibile,,subordinados,,xxx,,,
sostituire,,subranumenadu,,xxx,,,
sostitutivi,,subraordinada,,xxx,,,
sostituzione,,sud,,xxx,,,
sottoriportato,,sufitziente,,xxx,,,
sottoscrivere,,sugeta,,xxx,,,
sovraordinata,,suos,,xxx,,,
spazzamento,,superados,,xxx,,,
specialistico,,superfìtzies,,xxx,,,
specificare,,superiores,,xxx,,,
spettacoli,,suprimidas,,xxx,,,
spettacolo,,suprimidura,,xxx,,,
spiegare,,sustantziales,,xxx,,,
ss,,sustentadas,,xxx,,,
stabilendo,,sustentare,,xxx,,,
stabili,,sutascrìere,,xxx,,,
stabiliscono,,sutzessìvas,,xxx,,,
stabilit,,suu,,xxx,,,
stabiliti,,sèneghe,,xxx,,,
standard,,sìmiles,,xxx,,,
standards,,sìngula,,xxx,,,
stanziate,,sìngulu,,xxx,,,
stipulare,,sùbitu,,xxx,,,
stipulato,,tando,,xxx,,,
stipulazione,,tariffaria,,xxx,,,
sto,,tasidura,,xxx,,,
strada,,taxi,,xxx,,,
stradale,,tecnologias,,xxx,,,
stradali,,telèfono,,xxx,,,
strade,,tema,,xxx,,,
strategica,,temas,,xxx,,,
straullu,,tenende,,xxx,,,
strumentazioni,,tenta,,xxx,,,
subito,,terra,,xxx,,,
subordinati,,terras,,xxx,,,
sud,,tesoreria,,xxx,,,
suddetti,,tessida,,xxx,,,
suddetto,,tirant,,xxx,,,
suddivisa,,tirotzìnios,,xxx,,,
suddivisione,,titularidade,,xxx,,,
suddiviso,,torracontados,,xxx,,,
sue,,torracontos,,xxx,,,
sufficiente,,torradas,,xxx,,,
sullo,,torrare,,,,,
suoi,,totaleais,,,,,
superamento,,totalitària,,,,,
superati,,traballadores,,,,,
superfici,,tramatza,,,,,
svantaggio,,trascritzione,,,,,
svolgono,,trascritziones,,,,,
taxi,,trasferida,,,,,
tecnologici,,trasferimentos,,,,,
tecnologie,,trasmìtidu,,,,,
telefono,,trastu,,,,,
tema,,tratados,,,,,
temi,,tratentu,,,,,
tempestivamente,,trentu,,,,,
temporale,,tretos,,,,,
temporanea,,tretu,,,,,
tendenti,,tribunale,,,,,
tenendo,,triennales,,,,,
tener,,triènniuènniu,,,,,
tenere,,tutelas,,,,,
tenuti,,tzeddiani,,,,,
terra,,tzentrales,,,,,
tesoreria,,tzentèsimos,,,,,
tessere,,tzertificatzione,,,,,
tessida,,tzimiteriale,,,,,
tirocini,,tzèdidos,,,,,
titolarità,,tèngiant,,,,,
tm,,tèssere,,,,,
to,,ue,,,,,
totalitaria,,uffìtziu,,,,,
tramatza,,ufitziales,,,,,
trascrizione,,ultres,,,,,
trascrizioni,,unificatzione,,,,,
trasferita,,unionemontiferrusinis,,,,,
trasformazione,,universitàrios,,,,,
trasmesso,,urbanos,,,,,
trasparante,,urbanìstica,,,,,
trattati,,usu,,,,,
trattenuto,,usufruire,,,,,
trend,,usura,,,,,
trento,,utilidade,,,,,
tribunale,,v,,,,,
triennali,,vacca,,,,,
trovarsi,,valentina,,,,,
tutele,,valore,,,,,
tutta,,valores,,,,,
ulteriormente,,valutare,,,,,
undicesimo,,verificare,,,,,
unificazione,,violatzione,,,,,
unionemontiferrusinis,,violatziones,,,,,
universitari,,vistu,,,,,
urbana,,vittorio,,,,,
urbanistica,,vitze,,,,,
uscita,,voltura,,,,,
usufruire,,votu,,,,,
usura,,vàlidas,,,,,
utilità,,vàrias,,,,,
utilizzate,,vàrios,,,,,
utilizzatori,,º,,,,,
utilizzi,,àera,,,,,
vacca,,àere,,,,,
valentina,,àrbore,,,,,
valevoli,,èsteru,,,,,
valido,,èutu,,,,,
valori,,ìdricos,,,,,
valutare,,òbligos,,,,,
varie,,òcupat,,,,,
vendite,,òpera,,,,,
venga,,òperent,,,,,
venir,,ùndighi,,,,,
verificano,,,,,,,
verificato,,,,,,,
vero,,,,,,,
verranno,,,,,,,
viabilita,,,,,,,
viabilità,,,,,,,
vice,,,,,,,
vie,,,,,,,
vigendo,,,,,,,
vigili,,,,,,,
violazione,,,,,,,
violazioni,,,,,,,
vittorio,,,,,,,
voltura,,,,,,,
vorrebbe,,,,,,,
voto,,,,,,,
wordfast,,,,,,,
xfe,,,,,,,
zeddiani,,,,,,,
º,,,,,,,
